{"stats":{"minecraft:used":{"minecraft:flint_and_steel":13,"minecraft:chest":1,"minecraft:shield":85,"minecraft:iron_sword":71,"minecraft:netherrack":131,"minecraft:iron_chestplate":1,"minecraft:torch":13,"minecraft:soul_sand":1,"minecraft:dirt":2,"minecraft:obsidian":1,"minecraft:wooden_axe":12,"minecraft:lava_bucket":8,"minecraft:iron_axe":145,"minecraft:iron_helmet":1,"minecraft:polished_blackstone_brick_stairs":1,"minecraft:iron_boots":1,"minecraft:golden_carrot":19,"minecraft:soul_soil":11,"minecraft:oak_sapling":1,"minecraft:furnace":9,"minecraft:cooked_beef":13,"minecraft:cobbled_deepslate":32,"minecraft:iron_leggings":1,"minecraft:cooked_mutton":11,"minecraft:water_bucket":7,"minecraft:oak_planks":23,"minecraft:stone_pickaxe":60,"minecraft:blackstone":10,"minecraft:wooden_pickaxe":29,"minecraft:polished_blackstone_bricks":3,"minecraft:white_wool":3,"minecraft:golden_apple":2,"minecraft:crafting_table":9,"minecraft:white_bed":1,"minecraft:diamond_pickaxe":224,"minecraft:cracked_polished_blackstone_bricks":3,"minecraft:iron_pickaxe":203,"minecraft:gravel":4,"minecraft:stone_axe":55,"minecraft:cobblestone":71,"minecraft:cooked_porkchop":2,"minecraft:andesite":3,"minecraft:bucket":16},"minecraft:crafted":{"minecraft:oak_planks":84,"minecraft:furnace":2,"minecraft:cooked_mutton":11,"minecraft:flint_and_steel":1,"minecraft:iron_boots":1,"minecraft:iron_axe":1,"minecraft:stone_pickaxe":1,"minecraft:chest":1,"minecraft:netherite_scrap":2,"minecraft:cooked_beef":13,"minecraft:cooked_porkchop":3,"minecraft:crafting_table":3,"minecraft:wooden_pickaxe":1,"minecraft:iron_helmet":1,"minecraft:iron_sword":1,"minecraft:bucket":1,"minecraft:stone_axe":1,"minecraft:air":0,"minecraft:iron_chestplate":1,"minecraft:diamond_pickaxe":1,"minecraft:shield":2,"minecraft:stick":20,"minecraft:iron_ingot":41,"minecraft:iron_pickaxe":1,"minecraft:wooden_axe":1,"minecraft:iron_leggings":1,"minecraft:white_bed":1,"minecraft:torch":4},"minecraft:custom":{"minecraft:mob_kills":115,"minecraft:interact_with_crafting_table":26,"minecraft:leave_game":5,"minecraft:time_since_death":83381,"minecraft:sprint_one_cm":239557,"minecraft:walk_one_cm":131961,"minecraft:damage_blocked_by_shield":4215,"minecraft:drop":36,"minecraft:play_time":83381,"minecraft:sneak_time":22207,"minecraft:walk_under_water_one_cm":7243,"minecraft:jump":1643,"minecraft:walk_on_water_one_cm":29041,"minecraft:total_world_time":83381,"minecraft:interact_with_furnace":53,"minecraft:time_since_rest":83381,"minecraft:damage_taken":4032,"minecraft:damage_absorbed":80,"minecraft:damage_dealt":18040,"minecraft:swim_one_cm":6009,"minecraft:fly_one_cm":218880,"minecraft:open_chest":18,"minecraft:crouch_one_cm":69908,"minecraft:fall_one_cm":42735},"minecraft:mined":{"minecraft:diamond_ore":2,"minecraft:deepslate_diamond_ore":9,"minecraft:obsidian":1,"minecraft:grass_block":3,"minecraft:cracked_polished_blackstone_bricks":3,"minecraft:soul_soil":11,"minecraft:nether_wart":5,"minecraft:spawner":1,"minecraft:polished_blackstone_bricks":3,"minecraft:glowstone":1,"minecraft:furnace":9,"minecraft:iron_ore":67,"minecraft:cobbled_deepslate":2,"minecraft:fire":28,"minecraft:andesite":20,"minecraft:pointed_dripstone":3,"minecraft:deepslate_iron_ore":10,"minecraft:stone":78,"minecraft:white_wool":2,"minecraft:blackstone":10,"minecraft:soul_sand":1,"minecraft:basalt":1,"minecraft:crafting_table":7,"minecraft:torch":1,"minecraft:chest":2,"minecraft:cobblestone":18,"minecraft:deepslate_gold_ore":5,"minecraft:oak_planks":2,"minecraft:polished_blackstone_brick_stairs":1,"minecraft:wall_torch":4,"minecraft:oak_log":21,"minecraft:coal_ore":52,"minecraft:gravel":3,"minecraft:cobweb":18,"minecraft:netherrack":153,"minecraft:ancient_debris":1,"minecraft:oak_leaves":3,"minecraft:deepslate":44},"minecraft:dropped":{"minecraft:iron_sword":1,"minecraft:glow_berries":3,"minecraft:dirt":1,"minecraft:wooden_axe":2,"minecraft:brown_wool":1,"minecraft:chain":16,"minecraft:iron_pickaxe":1,"minecraft:white_wool":2,"minecraft:bone":1,"minecraft:stone_axe":2,"minecraft:stone_sword":3,"minecraft:cobbled_deepslate":14,"minecraft:rotten_flesh":5,"minecraft:light_gray_wool":1,"minecraft:glowstone_dust":3,"minecraft:andesite":17,"minecraft:chest":2,"minecraft:golden_leggings":1,"minecraft:spider_eye":4,"minecraft:wooden_pickaxe":1},"minecraft:killed":{"minecraft:cave_spider":3,"minecraft:witch":1,"minecraft:spider":12,"minecraft:skeleton":5,"minecraft:piglin_brute":1,"minecraft:magma_cube":11,"minecraft:piglin":1,"minecraft:pig":1,"minecraft:creeper":1,"minecraft:sheep":8,"minecraft:zombie":15,"minecraft:wither_skeleton":3,"minecraft:cow":7,"minecraft:enderman":1,"minecraft:blaze":39},"minecraft:broken":{"minecraft:shield":2,"minecraft:iron_axe":1},"minecraft:picked_up":{"minecraft:wooden_axe":1,"minecraft:crafting_table":7,"minecraft:nether_wart":13,"minecraft:gold_block":2,"minecraft:chain":16,"minecraft:polished_blackstone_brick_stairs":1,"minecraft:string":36,"minecraft:soul_soil":11,"minecraft:blackstone":10,"minecraft:cobbled_deepslate":46,"minecraft:beef":13,"minecraft:light_gray_wool":1,"minecraft:chest":2,"minecraft:furnace":9,"minecraft:raw_iron":77,"minecraft:torch":6,"minecraft:porkchop":3,"minecraft:polished_blackstone_bricks":3,"minecraft:pointed_dripstone":5,"minecraft:carrot":1,"minecraft:stone_sword":3,"minecraft:arrow":14,"minecraft:rotten_flesh":5,"minecraft:blaze_rod":16,"minecraft:obsidian":1,"minecraft:mutton":11,"minecraft:white_wool":8,"minecraft:cobblestone":93,"minecraft:magma_cream":5,"minecraft:glow_ink_sac":7,"minecraft:andesite":20,"minecraft:brown_wool":1,"minecraft:leather":11,"minecraft:golden_leggings":1,"minecraft:flint":1,"minecraft:oak_log":21,"minecraft:ancient_debris":1,"minecraft:wither_skeleton_skull":1,"minecraft:dirt":3,"minecraft:bone":8,"minecraft:raw_gold":5,"minecraft:iron_ingot":4,"minecraft:glowstone_dust":3,"minecraft:oak_planks":15,"minecraft:soul_sand":1,"minecraft:cooked_porkchop":1,"minecraft:gravel":4,"minecraft:spider_eye":4,"minecraft:diamond":11,"minecraft:stone_axe":1,"minecraft:cracked_polished_blackstone_bricks":3,"minecraft:coal":183,"minecraft:oak_sapling":1,"minecraft:netherrack":151,"minecraft:diamond_pickaxe":1}},"DataVersion":3465}