{"stats":{"minecraft:used":{"minecraft:ladder":3,"minecraft:shield":20,"minecraft:iron_sword":30,"minecraft:cooked_chicken":1,"minecraft:rotten_flesh":8,"minecraft:torch":10,"minecraft:dirt":1,"minecraft:mutton":8,"minecraft:anvil":4,"minecraft:carrot":1,"minecraft:diamond_helmet":1,"minecraft:tuff":8,"minecraft:wooden_axe":26,"minecraft:chipped_anvil":2,"minecraft:bookshelf":5,"minecraft:iron_axe":92,"minecraft:diamond_chestplate":1,"minecraft:bow":8,"minecraft:beef":3,"minecraft:oak_sapling":1,"minecraft:furnace":6,"minecraft:egg":2,"minecraft:cooked_beef":7,"minecraft:cobbled_deepslate":25,"minecraft:water_bucket":25,"minecraft:diamond_boots":3,"minecraft:stone_pickaxe":86,"minecraft:oak_planks":10,"minecraft:cactus":2,"minecraft:wooden_pickaxe":14,"minecraft:sandstone":10,"minecraft:composter":2,"minecraft:white_wool":4,"minecraft:crafting_table":5,"minecraft:blast_furnace":1,"minecraft:shears":1,"minecraft:diamond_pickaxe":157,"minecraft:apple":30,"minecraft:string":14,"minecraft:iron_pickaxe":95,"minecraft:gravel":3,"minecraft:stone_axe":3,"minecraft:diamond_sword":60,"minecraft:fire_charge":1,"minecraft:cobblestone":18,"minecraft:porkchop":2,"minecraft:grindstone":1,"minecraft:cooked_porkchop":10,"minecraft:andesite":1,"minecraft:bucket":27,"minecraft:diamond_leggings":2},"minecraft:crafted":{"minecraft:grindstone":1,"minecraft:smooth_stone":3,"minecraft:oak_planks":116,"minecraft:chainmail_helmet":12,"minecraft:cooked_chicken":1,"minecraft:furnace":3,"minecraft:blast_furnace":1,"minecraft:stone":6,"minecraft:bookshelf":5,"minecraft:diamond_helmet":1,"minecraft:bow":2,"minecraft:diamond_leggings":1,"minecraft:iron_axe":3,"minecraft:stone_pickaxe":2,"minecraft:diamond_boots":1,"minecraft:cooked_beef":9,"minecraft:diamond_sword":1,"minecraft:emerald":586,"minecraft:cooked_porkchop":10,"minecraft:crafting_table":3,"minecraft:wooden_pickaxe":2,"minecraft:iron_helmet":12,"minecraft:iron_sword":1,"minecraft:bucket":2,"minecraft:stone_axe":1,"minecraft:enchanted_book":14,"minecraft:air":0,"minecraft:apple":64,"minecraft:diamond_pickaxe":1,"minecraft:shield":1,"minecraft:stick":32,"minecraft:stone_slab":6,"minecraft:iron_ingot":22,"minecraft:chainmail_boots":12,"minecraft:iron_pickaxe":1,"minecraft:wooden_axe":1,"minecraft:iron_block":3,"minecraft:iron_leggings":1,"minecraft:anvil":1,"minecraft:torch":4,"minecraft:diamond_chestplate":1},"minecraft:custom":{"minecraft:interact_with_anvil":12,"minecraft:mob_kills":47,"minecraft:inspect_hopper":13,"minecraft:interact_with_crafting_table":26,"minecraft:leave_game":5,"minecraft:time_since_death":27076,"minecraft:climb_one_cm":27822,"minecraft:sprint_one_cm":611263,"minecraft:walk_one_cm":218063,"minecraft:damage_blocked_by_shield":1475,"minecraft:drop":83,"minecraft:talked_to_villager":379,"minecraft:play_time":154801,"minecraft:sneak_time":14072,"minecraft:deaths":7,"minecraft:walk_under_water_one_cm":17311,"minecraft:jump":3712,"minecraft:walk_on_water_one_cm":29819,"minecraft:total_world_time":154801,"minecraft:interact_with_furnace":74,"minecraft:traded_with_villager":664,"minecraft:interact_with_grindstone":8,"minecraft:sleep_in_bed":17,"minecraft:time_since_rest":23812,"minecraft:damage_taken":3041,"minecraft:damage_dealt":10951,"minecraft:player_kills":5,"minecraft:swim_one_cm":35111,"minecraft:fly_one_cm":781158,"minecraft:open_chest":180,"minecraft:crouch_one_cm":37618,"minecraft:fall_one_cm":87896},"minecraft:mined":{"minecraft:tuff":8,"minecraft:white_bed":1,"minecraft:deepslate_diamond_ore":17,"minecraft:ladder":3,"minecraft:granite":1,"minecraft:grass_block":5,"minecraft:composter":2,"minecraft:sandstone":145,"minecraft:furnace":4,"minecraft:iron_ore":9,"minecraft:andesite":1,"minecraft:deepslate_lapis_ore":2,"minecraft:anvil":2,"minecraft:bookshelf":5,"minecraft:deepslate_iron_ore":6,"minecraft:stone":83,"minecraft:tripwire":10,"minecraft:crafting_table":2,"minecraft:torch":3,"minecraft:cobblestone":7,"minecraft:deepslate_gold_ore":10,"minecraft:oak_planks":6,"minecraft:wall_torch":3,"minecraft:birch_leaves":1,"minecraft:grass":7,"minecraft:oak_log":29,"minecraft:coal_ore":11,"minecraft:gravel":1,"minecraft:sand":19,"minecraft:cracked_stone_bricks":2,"minecraft:chipped_anvil":3,"minecraft:oak_leaves":5,"minecraft:deepslate":21},"minecraft:dropped":{"minecraft:iron_ingot":1,"minecraft:iron_sword":1,"minecraft:porkchop":3,"minecraft:wheat_seeds":3,"minecraft:feather":2,"minecraft:iron_helmet":12,"minecraft:cobblestone":2,"minecraft:leather":1,"minecraft:apple":116,"minecraft:chainmail_helmet":12,"minecraft:dirt":3,"minecraft:wooden_axe":3,"minecraft:iron_leggings":1,"minecraft:sand":24,"minecraft:iron_axe":1,"minecraft:iron_pickaxe":2,"minecraft:string":3,"minecraft:white_wool":1,"minecraft:stone_axe":1,"minecraft:sweet_berries":20,"minecraft:chicken":1,"minecraft:rotten_flesh":3,"minecraft:light_gray_wool":1,"minecraft:oak_planks":6,"minecraft:glowstone_dust":1,"minecraft:shears":1,"minecraft:poppy":6,"minecraft:chainmail_boots":12,"minecraft:spider_eye":1,"minecraft:sandstone":60,"minecraft:stone_pickaxe":1,"minecraft:wooden_pickaxe":2},"minecraft:killed_by":{"minecraft:player":3,"minecraft:skeleton":1,"minecraft:zombie":2},"minecraft:killed":{"minecraft:spider":4,"minecraft:skeleton":2,"minecraft:chicken":2,"minecraft:husk":1,"minecraft:pig":6,"minecraft:salmon":6,"minecraft:iron_golem":5,"minecraft:creeper":4,"minecraft:sheep":6,"minecraft:zombie":7,"minecraft:cow":3},"minecraft:picked_up":{"minecraft:wooden_axe":2,"minecraft:crafting_table":3,"minecraft:chicken":2,"minecraft:ladder":3,"minecraft:anvil":3,"minecraft:smithing_table":1,"minecraft:diamond_sword":2,"minecraft:shield":3,"minecraft:string":926,"minecraft:iron_axe":1,"minecraft:cracked_stone_bricks":2,"minecraft:diamond_leggings":2,"minecraft:cobbled_deepslate":35,"minecraft:beef":6,"minecraft:light_gray_wool":1,"minecraft:poppy":6,"minecraft:iron_pickaxe":2,"minecraft:furnace":4,"minecraft:egg":2,"minecraft:stick":8,"minecraft:raw_iron":15,"minecraft:sandstone":139,"minecraft:composter":2,"minecraft:torch":9,"minecraft:porkchop":13,"minecraft:carrot":1,"minecraft:cactus":2,"minecraft:arrow":13,"minecraft:rotten_flesh":6,"minecraft:diamond_chestplate":2,"minecraft:shears":1,"minecraft:diamond_boots":2,"minecraft:mutton":8,"minecraft:white_wool":5,"minecraft:cobblestone":133,"minecraft:feather":4,"minecraft:salmon":5,"minecraft:water_bucket":1,"minecraft:andesite":1,"minecraft:leather":1,"minecraft:tuff":8,"minecraft:oak_log":29,"minecraft:gunpowder":5,"minecraft:lapis_lazuli":12,"minecraft:dirt":4,"minecraft:bone":8,"minecraft:chipped_anvil":3,"minecraft:apple":158,"minecraft:bow":6,"minecraft:wheat_seeds":2,"minecraft:raw_gold":20,"minecraft:iron_ingot":39,"minecraft:diamond_helmet":2,"minecraft:glowstone_dust":1,"minecraft:iron_sword":1,"minecraft:oak_planks":59,"minecraft:book":15,"minecraft:sweet_berries":20,"minecraft:gravel":3,"minecraft:sand":35,"minecraft:spider_eye":1,"minecraft:diamond":45,"minecraft:stone_axe":1,"minecraft:granite":1,"minecraft:oak_sapling":1,"minecraft:coal":11,"minecraft:diamond_pickaxe":1}},"DataVersion":3465}