{"stats":{"minecraft:used":{"minecraft:wooden_axe":12,"minecraft:stone_pickaxe":8,"minecraft:wooden_pickaxe":29,"minecraft:white_wool":3,"minecraft:dirt":2,"minecraft:crafting_table":2,"minecraft:furnace":1,"minecraft:oak_sapling":1,"minecraft:andesite":2},"minecraft:crafted":{"minecraft:oak_planks":40,"minecraft:crafting_table":1,"minecraft:stick":12,"minecraft:wooden_pickaxe":1,"minecraft:stone_pickaxe":1,"minecraft:wooden_axe":1,"minecraft:furnace":1,"minecraft:stone_axe":1},"minecraft:custom":{"minecraft:time_since_rest":4858,"minecraft:interact_with_furnace":1,"minecraft:sprint_one_cm":12973,"minecraft:damage_taken":80,"minecraft:walk_one_cm":5627,"minecraft:mob_kills":5,"minecraft:drop":2,"minecraft:damage_dealt":420,"minecraft:interact_with_crafting_table":6,"minecraft:fly_one_cm":21130,"minecraft:crouch_one_cm":2168,"minecraft:play_time":4858,"minecraft:sneak_time":1197,"minecraft:jump":78,"minecraft:leave_game":1,"minecraft:time_since_death":4858,"minecraft:total_world_time":4858,"minecraft:fall_one_cm":3584},"minecraft:mined":{"minecraft:andesite":19,"minecraft:crafting_table":1,"minecraft:grass_block":2,"minecraft:oak_log":10,"minecraft:stone":16,"minecraft:white_wool":2,"minecraft:oak_leaves":3},"minecraft:dropped":{"minecraft:wooden_axe":1,"minecraft:wooden_pickaxe":1},"minecraft:killed":{"minecraft:sheep":4,"minecraft:pig":1},"minecraft:picked_up":{"minecraft:crafting_table":1,"minecraft:andesite":19,"minecraft:porkchop":3,"minecraft:oak_log":10,"minecraft:dirt":2,"minecraft:oak_sapling":1,"minecraft:mutton":6,"minecraft:white_wool":6,"minecraft:cobblestone":16}},"DataVersion":3465}