{"stats":{"minecraft:used":{"minecraft:ladder":1,"minecraft:shield":13,"minecraft:iron_sword":30,"minecraft:rotten_flesh":5,"minecraft:cooked_chicken":1,"minecraft:torch":10,"minecraft:mutton":1,"minecraft:carrot":1,"minecraft:tuff":8,"minecraft:wooden_axe":26,"minecraft:chipped_anvil":1,"minecraft:bookshelf":2,"minecraft:iron_axe":6,"minecraft:furnace":6,"minecraft:oak_sapling":1,"minecraft:egg":1,"minecraft:cooked_beef":3,"minecraft:cobbled_deepslate":25,"minecraft:water_bucket":21,"minecraft:diamond_boots":1,"minecraft:stone_pickaxe":86,"minecraft:oak_planks":8,"minecraft:wooden_pickaxe":14,"minecraft:composter":1,"minecraft:crafting_table":5,"minecraft:blast_furnace":1,"minecraft:shears":1,"minecraft:apple":5,"minecraft:string":10,"minecraft:iron_pickaxe":95,"minecraft:gravel":3,"minecraft:stone_axe":3,"minecraft:cobblestone":18,"minecraft:cooked_porkchop":9,"minecraft:porkchop":1,"minecraft:grindstone":1,"minecraft:bucket":22,"minecraft:andesite":1,"minecraft:diamond_leggings":2},"minecraft:crafted":{"minecraft:grindstone":1,"minecraft:smooth_stone":3,"minecraft:oak_planks":108,"minecraft:chainmail_helmet":12,"minecraft:cooked_chicken":1,"minecraft:furnace":3,"minecraft:blast_furnace":1,"minecraft:stone":6,"minecraft:bookshelf":2,"minecraft:diamond_helmet":1,"minecraft:bow":1,"minecraft:diamond_leggings":1,"minecraft:iron_axe":2,"minecraft:stone_pickaxe":2,"minecraft:diamond_boots":1,"minecraft:cooked_beef":3,"minecraft:diamond_sword":1,"minecraft:emerald":332,"minecraft:cooked_porkchop":9,"minecraft:crafting_table":3,"minecraft:wooden_pickaxe":2,"minecraft:iron_helmet":12,"minecraft:iron_sword":1,"minecraft:bucket":1,"minecraft:stone_axe":1,"minecraft:enchanted_book":6,"minecraft:air":0,"minecraft:apple":64,"minecraft:diamond_pickaxe":1,"minecraft:shield":1,"minecraft:stick":32,"minecraft:stone_slab":6,"minecraft:iron_pickaxe":1,"minecraft:iron_ingot":14,"minecraft:chainmail_boots":12,"minecraft:wooden_axe":1,"minecraft:iron_leggings":1,"minecraft:torch":4,"minecraft:diamond_chestplate":1},"minecraft:custom":{"minecraft:interact_with_anvil":4,"minecraft:mob_kills":18,"minecraft:inspect_hopper":5,"minecraft:interact_with_crafting_table":21,"minecraft:leave_game":2,"minecraft:time_since_death":56417,"minecraft:climb_one_cm":17401,"minecraft:sprint_one_cm":317100,"minecraft:walk_one_cm":118063,"minecraft:damage_blocked_by_shield":810,"minecraft:drop":59,"minecraft:talked_to_villager":170,"minecraft:play_time":87307,"minecraft:deaths":4,"minecraft:sneak_time":10388,"minecraft:walk_under_water_one_cm":9582,"minecraft:jump":1796,"minecraft:walk_on_water_one_cm":11958,"minecraft:total_world_time":87307,"minecraft:interact_with_furnace":60,"minecraft:traded_with_villager":399,"minecraft:interact_with_grindstone":6,"minecraft:sleep_in_bed":10,"minecraft:time_since_rest":8394,"minecraft:damage_taken":1788,"minecraft:damage_dealt":2974,"minecraft:player_kills":2,"minecraft:swim_one_cm":2952,"minecraft:fly_one_cm":317811,"minecraft:open_chest":75,"minecraft:crouch_one_cm":26264,"minecraft:fall_one_cm":44872},"minecraft:mined":{"minecraft:tuff":8,"minecraft:deepslate_diamond_ore":17,"minecraft:ladder":1,"minecraft:granite":1,"minecraft:composter":1,"minecraft:furnace":4,"minecraft:iron_ore":9,"minecraft:andesite":1,"minecraft:deepslate_lapis_ore":2,"minecraft:bookshelf":2,"minecraft:deepslate_iron_ore":6,"minecraft:stone":83,"minecraft:tripwire":6,"minecraft:crafting_table":2,"minecraft:torch":3,"minecraft:cobblestone":7,"minecraft:deepslate_gold_ore":10,"minecraft:oak_planks":1,"minecraft:wall_torch":3,"minecraft:birch_leaves":1,"minecraft:grass":2,"minecraft:oak_log":27,"minecraft:coal_ore":11,"minecraft:gravel":1,"minecraft:chipped_anvil":1,"minecraft:oak_leaves":5,"minecraft:deepslate":21},"minecraft:dropped":{"minecraft:iron_ingot":1,"minecraft:iron_sword":1,"minecraft:wheat_seeds":1,"minecraft:feather":2,"minecraft:iron_helmet":12,"minecraft:cobblestone":2,"minecraft:chainmail_helmet":12,"minecraft:dirt":1,"minecraft:wooden_axe":3,"minecraft:iron_leggings":1,"minecraft:iron_axe":1,"minecraft:iron_pickaxe":2,"minecraft:string":2,"minecraft:white_wool":1,"minecraft:stone_axe":1,"minecraft:rotten_flesh":2,"minecraft:oak_planks":3,"minecraft:shears":1,"minecraft:chainmail_boots":12,"minecraft:stone_pickaxe":1,"minecraft:wooden_pickaxe":2},"minecraft:killed_by":{"minecraft:skeleton":1,"minecraft:zombie":2},"minecraft:killed":{"minecraft:spider":1,"minecraft:skeleton":2,"minecraft:chicken":1,"minecraft:pig":5,"minecraft:sheep":1,"minecraft:zombie":6,"minecraft:cow":1},"minecraft:picked_up":{"minecraft:wooden_axe":2,"minecraft:crafting_table":3,"minecraft:chicken":1,"minecraft:ladder":1,"minecraft:smithing_table":1,"minecraft:shield":1,"minecraft:string":500,"minecraft:cobbled_deepslate":35,"minecraft:beef":3,"minecraft:iron_pickaxe":2,"minecraft:furnace":4,"minecraft:egg":1,"minecraft:raw_iron":15,"minecraft:stick":4,"minecraft:composter":1,"minecraft:torch":9,"minecraft:porkchop":10,"minecraft:carrot":1,"minecraft:arrow":6,"minecraft:rotten_flesh":5,"minecraft:shears":1,"minecraft:mutton":1,"minecraft:white_wool":1,"minecraft:cobblestone":133,"minecraft:feather":4,"minecraft:water_bucket":1,"minecraft:andesite":1,"minecraft:tuff":8,"minecraft:oak_log":27,"minecraft:lapis_lazuli":12,"minecraft:dirt":1,"minecraft:bone":8,"minecraft:chipped_anvil":1,"minecraft:bow":4,"minecraft:raw_gold":20,"minecraft:iron_ingot":7,"minecraft:oak_planks":54,"minecraft:iron_sword":1,"minecraft:book":6,"minecraft:gravel":3,"minecraft:diamond":34,"minecraft:stone_axe":1,"minecraft:granite":1,"minecraft:oak_sapling":1,"minecraft:coal":11}},"DataVersion":3465}