{"stats":{"minecraft:used":{"minecraft:water_bucket":21,"minecraft:stone_pickaxe":86,"minecraft:oak_planks":8,"minecraft:shield":13,"minecraft:wooden_pickaxe":14,"minecraft:iron_sword":26,"minecraft:composter":1,"minecraft:cooked_chicken":1,"minecraft:rotten_flesh":5,"minecraft:torch":10,"minecraft:mutton":1,"minecraft:crafting_table":5,"minecraft:blast_furnace":1,"minecraft:carrot":1,"minecraft:tuff":8,"minecraft:shears":1,"minecraft:wooden_axe":26,"minecraft:bookshelf":1,"minecraft:string":4,"minecraft:iron_pickaxe":94,"minecraft:gravel":3,"minecraft:stone_axe":3,"minecraft:cobblestone":18,"minecraft:grindstone":1,"minecraft:porkchop":1,"minecraft:oak_sapling":1,"minecraft:furnace":6,"minecraft:cooked_porkchop":8,"minecraft:andesite":1,"minecraft:bucket":22,"minecraft:egg":1,"minecraft:cooked_beef":3,"minecraft:cobbled_deepslate":25,"minecraft:diamond_leggings":1},"minecraft:crafted":{"minecraft:cooked_beef":3,"minecraft:grindstone":1,"minecraft:smooth_stone":3,"minecraft:oak_planks":104,"minecraft:chainmail_helmet":12,"minecraft:emerald":185,"minecraft:cooked_porkchop":9,"minecraft:crafting_table":3,"minecraft:iron_helmet":12,"minecraft:wooden_pickaxe":2,"minecraft:cooked_chicken":1,"minecraft:iron_sword":1,"minecraft:furnace":3,"minecraft:blast_furnace":1,"minecraft:stone":6,"minecraft:enchanted_book":3,"minecraft:bookshelf":1,"minecraft:bucket":1,"minecraft:stone_axe":1,"minecraft:air":0,"minecraft:apple":64,"minecraft:diamond_helmet":1,"minecraft:diamond_leggings":1,"minecraft:bow":1,"minecraft:shield":1,"minecraft:stick":24,"minecraft:stone_slab":6,"minecraft:chainmail_boots":12,"minecraft:iron_ingot":14,"minecraft:iron_pickaxe":1,"minecraft:stone_pickaxe":2,"minecraft:wooden_axe":1,"minecraft:diamond_boots":1,"minecraft:iron_leggings":1,"minecraft:torch":4,"minecraft:diamond_chestplate":1},"minecraft:custom":{"minecraft:interact_with_furnace":60,"minecraft:mob_kills":18,"minecraft:traded_with_villager":246,"minecraft:interact_with_crafting_table":18,"minecraft:sleep_in_bed":6,"minecraft:leave_game":2,"minecraft:time_since_death":32417,"minecraft:climb_one_cm":9597,"minecraft:time_since_rest":7924,"minecraft:sprint_one_cm":247880,"minecraft:damage_taken":1770,"minecraft:walk_one_cm":84246,"minecraft:damage_blocked_by_shield":810,"minecraft:drop":51,"minecraft:damage_dealt":2450,"minecraft:talked_to_villager":100,"minecraft:swim_one_cm":2952,"minecraft:fly_one_cm":245579,"minecraft:open_chest":40,"minecraft:crouch_one_cm":23641,"minecraft:play_time":63307,"minecraft:deaths":4,"minecraft:sneak_time":9314,"minecraft:walk_under_water_one_cm":9582,"minecraft:jump":1402,"minecraft:walk_on_water_one_cm":4407,"minecraft:total_world_time":63307,"minecraft:fall_one_cm":42097},"minecraft:mined":{"minecraft:tuff":8,"minecraft:deepslate_diamond_ore":17,"minecraft:crafting_table":2,"minecraft:torch":3,"minecraft:granite":1,"minecraft:cobblestone":7,"minecraft:deepslate_gold_ore":10,"minecraft:composter":1,"minecraft:oak_planks":1,"minecraft:wall_torch":3,"minecraft:furnace":4,"minecraft:iron_ore":9,"minecraft:birch_leaves":1,"minecraft:andesite":1,"minecraft:deepslate_lapis_ore":2,"minecraft:bookshelf":1,"minecraft:grass":1,"minecraft:coal_ore":11,"minecraft:oak_log":26,"minecraft:deepslate_iron_ore":6,"minecraft:gravel":1,"minecraft:stone":83,"minecraft:tripwire":4,"minecraft:oak_leaves":5,"minecraft:deepslate":21},"minecraft:dropped":{"minecraft:stone_axe":1,"minecraft:wheat_seeds":1,"minecraft:iron_helmet":12,"minecraft:feather":2,"minecraft:oak_planks":3,"minecraft:chainmail_helmet":12,"minecraft:shears":1,"minecraft:dirt":1,"minecraft:wooden_axe":3,"minecraft:chainmail_boots":12,"minecraft:iron_leggings":1,"minecraft:stone_pickaxe":1,"minecraft:wooden_pickaxe":2,"minecraft:string":2,"minecraft:white_wool":1},"minecraft:killed_by":{"minecraft:skeleton":1,"minecraft:zombie":2},"minecraft:killed":{"minecraft:pig":5,"minecraft:spider":1,"minecraft:sheep":1,"minecraft:skeleton":2,"minecraft:zombie":6,"minecraft:chicken":1,"minecraft:cow":1},"minecraft:picked_up":{"minecraft:wooden_axe":2,"minecraft:crafting_table":3,"minecraft:feather":4,"minecraft:chicken":1,"minecraft:water_bucket":1,"minecraft:andesite":1,"minecraft:smithing_table":1,"minecraft:tuff":8,"minecraft:oak_log":26,"minecraft:shield":1,"minecraft:dirt":1,"minecraft:lapis_lazuli":12,"minecraft:string":9,"minecraft:bone":8,"minecraft:bow":4,"minecraft:cobbled_deepslate":35,"minecraft:raw_gold":20,"minecraft:iron_ingot":7,"minecraft:beef":3,"minecraft:iron_pickaxe":1,"minecraft:iron_sword":1,"minecraft:oak_planks":54,"minecraft:egg":1,"minecraft:furnace":4,"minecraft:book":3,"minecraft:stick":4,"minecraft:raw_iron":15,"minecraft:composter":1,"minecraft:torch":9,"minecraft:gravel":3,"minecraft:porkchop":10,"minecraft:carrot":1,"minecraft:arrow":6,"minecraft:rotten_flesh":5,"minecraft:diamond":34,"minecraft:stone_axe":1,"minecraft:shears":1,"minecraft:granite":1,"minecraft:oak_sapling":1,"minecraft:mutton":1,"minecraft:coal":11,"minecraft:white_wool":1,"minecraft:cobblestone":133}},"DataVersion":3465}