{"stats":{"minecraft:used":{"minecraft:flint_and_steel":2,"minecraft:ladder":3,"minecraft:shield":20,"minecraft:iron_sword":30,"minecraft:cooked_salmon":14,"minecraft:cooked_chicken":1,"minecraft:rotten_flesh":8,"minecraft:netherrack":312,"minecraft:torch":10,"minecraft:soul_sand":4,"minecraft:dirt":1,"minecraft:mutton":8,"minecraft:anvil":4,"minecraft:carrot":1,"minecraft:diamond_helmet":1,"minecraft:tuff":8,"minecraft:wooden_axe":26,"minecraft:lava_bucket":10,"minecraft:chipped_anvil":2,"minecraft:bookshelf":5,"minecraft:iron_axe":109,"minecraft:diamond_chestplate":1,"minecraft:basalt":31,"minecraft:bow":107,"minecraft:beef":3,"minecraft:soul_soil":57,"minecraft:oak_sapling":1,"minecraft:furnace":8,"minecraft:egg":2,"minecraft:cooked_beef":9,"minecraft:cobbled_deepslate":38,"minecraft:water_bucket":56,"minecraft:diamond_boots":3,"minecraft:stone_pickaxe":86,"minecraft:oak_planks":19,"minecraft:ender_pearl":4,"minecraft:cactus":2,"minecraft:wooden_pickaxe":14,"minecraft:sandstone":10,"minecraft:composter":2,"minecraft:white_wool":4,"minecraft:sand":11,"minecraft:crafting_table":6,"minecraft:blast_furnace":1,"minecraft:end_stone":21,"minecraft:shears":1,"minecraft:ender_eye":3,"minecraft:diamond_pickaxe":761,"minecraft:apple":30,"minecraft:bread":8,"minecraft:iron_pickaxe":95,"minecraft:string":15,"minecraft:gravel":3,"minecraft:stone_axe":3,"minecraft:diamond_sword":94,"minecraft:fire_charge":1,"minecraft:cobblestone":48,"minecraft:porkchop":2,"minecraft:grindstone":1,"minecraft:cooked_porkchop":10,"minecraft:andesite":1,"minecraft:bucket":68,"minecraft:diamond_leggings":2},"minecraft:crafted":{"minecraft:grindstone":1,"minecraft:smooth_stone":3,"minecraft:oak_planks":132,"minecraft:chainmail_helmet":12,"minecraft:blaze_powder":4,"minecraft:cooked_chicken":1,"minecraft:furnace":5,"minecraft:blast_furnace":1,"minecraft:stone":6,"minecraft:bookshelf":5,"minecraft:diamond_helmet":1,"minecraft:bow":2,"minecraft:diamond_leggings":1,"minecraft:iron_axe":3,"minecraft:ender_pearl":4,"minecraft:stone_pickaxe":2,"minecraft:diamond_boots":1,"minecraft:ender_eye":4,"minecraft:cooked_beef":9,"minecraft:diamond_sword":1,"minecraft:emerald":609,"minecraft:cooked_porkchop":10,"minecraft:crafting_table":4,"minecraft:wooden_pickaxe":2,"minecraft:iron_helmet":12,"minecraft:iron_sword":1,"minecraft:cooked_salmon":12,"minecraft:bucket":2,"minecraft:stone_axe":1,"minecraft:enchanted_book":14,"minecraft:air":0,"minecraft:apple":64,"minecraft:diamond_pickaxe":1,"minecraft:shield":1,"minecraft:stick":32,"minecraft:stone_slab":6,"minecraft:iron_ingot":22,"minecraft:chainmail_boots":12,"minecraft:iron_pickaxe":1,"minecraft:wooden_axe":1,"minecraft:iron_block":3,"minecraft:iron_leggings":1,"minecraft:gold_ingot":27,"minecraft:anvil":1,"minecraft:acacia_planks":8,"minecraft:torch":4,"minecraft:diamond_chestplate":1},"minecraft:custom":{"minecraft:interact_with_anvil":12,"minecraft:mob_kills":64,"minecraft:inspect_hopper":13,"minecraft:interact_with_crafting_table":30,"minecraft:leave_game":7,"minecraft:time_since_death":83094,"minecraft:climb_one_cm":29617,"minecraft:sprint_one_cm":790271,"minecraft:walk_one_cm":271705,"minecraft:damage_blocked_by_shield":1475,"minecraft:drop":98,"minecraft:talked_to_villager":385,"minecraft:play_time":210819,"minecraft:sneak_time":31218,"minecraft:deaths":7,"minecraft:walk_under_water_one_cm":36556,"minecraft:jump":5147,"minecraft:walk_on_water_one_cm":42785,"minecraft:total_world_time":210819,"minecraft:interact_with_furnace":97,"minecraft:traded_with_villager":691,"minecraft:interact_with_grindstone":8,"minecraft:sleep_in_bed":17,"minecraft:time_since_rest":79830,"minecraft:damage_taken":4078,"minecraft:damage_dealt":12923,"minecraft:player_kills":5,"minecraft:swim_one_cm":47827,"minecraft:fly_one_cm":1333992,"minecraft:open_chest":191,"minecraft:crouch_one_cm":98951,"minecraft:fall_one_cm":134721},"minecraft:mined":{"minecraft:tuff":8,"minecraft:white_bed":1,"minecraft:deepslate_diamond_ore":17,"minecraft:end_stone":26,"minecraft:obsidian":1,"minecraft:ladder":3,"minecraft:granite":1,"minecraft:acacia_log":2,"minecraft:grass_block":5,"minecraft:soul_soil":81,"minecraft:composter":2,"minecraft:sandstone":145,"minecraft:furnace":6,"minecraft:iron_ore":9,"minecraft:fire":1,"minecraft:cobbled_deepslate":13,"minecraft:andesite":1,"minecraft:deepslate_lapis_ore":2,"minecraft:anvil":2,"minecraft:bookshelf":5,"minecraft:deepslate_iron_ore":6,"minecraft:stone":103,"minecraft:tripwire":11,"minecraft:soul_sand":4,"minecraft:crimson_nylium":1,"minecraft:basalt":33,"minecraft:crafting_table":2,"minecraft:torch":3,"minecraft:cobblestone":35,"minecraft:oak_planks":6,"minecraft:deepslate_gold_ore":10,"minecraft:wall_torch":3,"minecraft:birch_leaves":1,"minecraft:grass":7,"minecraft:oak_log":33,"minecraft:coal_ore":11,"minecraft:sand":41,"minecraft:gravel":1,"minecraft:cracked_stone_bricks":2,"minecraft:netherrack":475,"minecraft:chipped_anvil":3,"minecraft:oak_leaves":7,"minecraft:deepslate":21},"minecraft:dropped":{"minecraft:iron_ingot":1,"minecraft:iron_sword":1,"minecraft:porkchop":3,"minecraft:wheat_seeds":3,"minecraft:cobblestone":2,"minecraft:feather":2,"minecraft:iron_helmet":12,"minecraft:leather":1,"minecraft:apple":116,"minecraft:chainmail_helmet":12,"minecraft:emerald":3,"minecraft:dirt":3,"minecraft:wooden_axe":3,"minecraft:iron_leggings":1,"minecraft:sand":33,"minecraft:iron_axe":1,"minecraft:iron_pickaxe":2,"minecraft:cactus":2,"minecraft:string":3,"minecraft:white_wool":1,"minecraft:furnace":2,"minecraft:stone_axe":1,"minecraft:sweet_berries":20,"minecraft:soul_soil":5,"minecraft:obsidian":1,"minecraft:chicken":1,"minecraft:rotten_flesh":3,"minecraft:light_gray_wool":1,"minecraft:oak_planks":6,"minecraft:glowstone_dust":1,"minecraft:shears":1,"minecraft:poppy":6,"minecraft:chainmail_boots":12,"minecraft:spider_eye":1,"minecraft:sandstone":60,"minecraft:basalt":2,"minecraft:stone_pickaxe":1,"minecraft:wooden_pickaxe":2,"minecraft:netherrack":88},"minecraft:killed_by":{"minecraft:player":3,"minecraft:skeleton":1,"minecraft:zombie":2},"minecraft:killed":{"minecraft:spider":4,"minecraft:skeleton":3,"minecraft:chicken":2,"minecraft:piglin_brute":1,"minecraft:husk":1,"minecraft:pig":6,"minecraft:salmon":15,"minecraft:iron_golem":5,"minecraft:ender_dragon":1,"minecraft:hoglin":1,"minecraft:creeper":4,"minecraft:sheep":6,"minecraft:zombie":7,"minecraft:ghast":1,"minecraft:enderman":3,"minecraft:cow":3},"minecraft:picked_up":{"minecraft:wooden_axe":2,"minecraft:crafting_table":3,"minecraft:chicken":2,"minecraft:ladder":3,"minecraft:anvil":3,"minecraft:smithing_table":1,"minecraft:diamond_sword":2,"minecraft:shield":3,"minecraft:string":929,"minecraft:soul_soil":62,"minecraft:iron_axe":1,"minecraft:cooked_salmon":2,"minecraft:cracked_stone_bricks":2,"minecraft:diamond_leggings":2,"minecraft:cobbled_deepslate":48,"minecraft:beef":6,"minecraft:light_gray_wool":1,"minecraft:poppy":6,"minecraft:iron_pickaxe":2,"minecraft:furnace":6,"minecraft:egg":2,"minecraft:stick":8,"minecraft:raw_iron":15,"minecraft:sandstone":139,"minecraft:end_stone":21,"minecraft:composter":2,"minecraft:torch":9,"minecraft:acacia_log":2,"minecraft:porkchop":13,"minecraft:carrot":1,"minecraft:arrow":15,"minecraft:cactus":4,"minecraft:rotten_flesh":6,"minecraft:diamond_chestplate":2,"minecraft:shears":1,"minecraft:diamond_boots":2,"minecraft:obsidian":1,"minecraft:mutton":8,"minecraft:white_wool":5,"minecraft:cobblestone":179,"minecraft:feather":4,"minecraft:basalt":33,"minecraft:andesite":1,"minecraft:water_bucket":1,"minecraft:salmon":14,"minecraft:leather":1,"minecraft:tuff":8,"minecraft:oak_log":33,"minecraft:gunpowder":5,"minecraft:lapis_lazuli":12,"minecraft:dirt":4,"minecraft:bone":8,"minecraft:chipped_anvil":3,"minecraft:apple":158,"minecraft:bow":6,"minecraft:wheat_seeds":2,"minecraft:raw_gold":20,"minecraft:iron_ingot":39,"minecraft:diamond_helmet":2,"minecraft:glowstone_dust":1,"minecraft:iron_sword":1,"minecraft:oak_planks":68,"minecraft:soul_sand":4,"minecraft:book":15,"minecraft:sweet_berries":20,"minecraft:gravel":3,"minecraft:sand":55,"minecraft:spider_eye":1,"minecraft:diamond":45,"minecraft:stone_axe":1,"minecraft:granite":1,"minecraft:bread":57,"minecraft:chorus_fruit":1,"minecraft:oak_sapling":1,"minecraft:netherrack":464,"minecraft:coal":11,"minecraft:ender_pearl":7,"minecraft:diamond_pickaxe":1}},"DataVersion":3465}