{"stats":{"minecraft:used":{"minecraft:water_bucket":1,"minecraft:stone_pickaxe":86,"minecraft:wooden_pickaxe":14,"minecraft:rotten_flesh":4,"minecraft:torch":6,"minecraft:crafting_table":4,"minecraft:carrot":1,"minecraft:tuff":8,"minecraft:wooden_axe":26,"minecraft:iron_pickaxe":85,"minecraft:gravel":3,"minecraft:stone_axe":1,"minecraft:cobblestone":18,"minecraft:porkchop":1,"minecraft:oak_sapling":1,"minecraft:furnace":4,"minecraft:cooked_porkchop":4,"minecraft:andesite":1,"minecraft:bucket":2,"minecraft:egg":1,"minecraft:cobbled_deepslate":12},"minecraft:crafted":{"minecraft:cooked_beef":1,"minecraft:oak_planks":96,"minecraft:cooked_porkchop":6,"minecraft:crafting_table":3,"minecraft:wooden_pickaxe":2,"minecraft:iron_sword":1,"minecraft:furnace":2,"minecraft:bucket":1,"minecraft:stone_axe":1,"minecraft:air":0,"minecraft:shield":1,"minecraft:stick":20,"minecraft:iron_ingot":14,"minecraft:iron_pickaxe":1,"minecraft:stone_pickaxe":2,"minecraft:wooden_axe":1,"minecraft:torch":4},"minecraft:custom":{"minecraft:interact_with_furnace":29,"minecraft:mob_kills":9,"minecraft:interact_with_crafting_table":12,"minecraft:leave_game":2,"minecraft:time_since_death":21506,"minecraft:time_since_rest":21532,"minecraft:sprint_one_cm":105352,"minecraft:damage_taken":840,"minecraft:walk_one_cm":29952,"minecraft:drop":5,"minecraft:damage_dealt":876,"minecraft:swim_one_cm":1626,"minecraft:fly_one_cm":99595,"minecraft:crouch_one_cm":18787,"minecraft:play_time":27307,"minecraft:deaths":2,"minecraft:sneak_time":7620,"minecraft:walk_under_water_one_cm":1819,"minecraft:jump":656,"minecraft:walk_on_water_one_cm":1254,"minecraft:total_world_time":27307,"minecraft:fall_one_cm":19019},"minecraft:mined":{"minecraft:tuff":8,"minecraft:deepslate_diamond_ore":17,"minecraft:crafting_table":1,"minecraft:torch":2,"minecraft:granite":1,"minecraft:cobblestone":7,"minecraft:deepslate_gold_ore":9,"minecraft:wall_torch":3,"minecraft:furnace":2,"minecraft:iron_ore":9,"minecraft:birch_leaves":1,"minecraft:andesite":1,"minecraft:coal_ore":11,"minecraft:oak_log":24,"minecraft:deepslate_iron_ore":5,"minecraft:gravel":1,"minecraft:stone":83,"minecraft:oak_leaves":5,"minecraft:deepslate":18},"minecraft:dropped":{"minecraft:oak_planks":3,"minecraft:wooden_axe":1,"minecraft:stone_pickaxe":1,"minecraft:wooden_pickaxe":2},"minecraft:killed_by":{"minecraft:skeleton":1,"minecraft:zombie":1},"minecraft:killed":{"minecraft:pig":4,"minecraft:zombie":3,"minecraft:chicken":1,"minecraft:cow":1},"minecraft:picked_up":{"minecraft:crafting_table":2,"minecraft:feather":2,"minecraft:chicken":1,"minecraft:andesite":1,"minecraft:tuff":8,"minecraft:oak_log":24,"minecraft:cobbled_deepslate":22,"minecraft:raw_gold":9,"minecraft:beef":3,"minecraft:oak_planks":36,"minecraft:egg":1,"minecraft:furnace":2,"minecraft:raw_iron":14,"minecraft:torch":5,"minecraft:gravel":3,"minecraft:porkchop":7,"minecraft:carrot":1,"minecraft:rotten_flesh":4,"minecraft:diamond":17,"minecraft:granite":1,"minecraft:oak_sapling":1,"minecraft:coal":11,"minecraft:cobblestone":88}},"DataVersion":3465}