{"stats":{"minecraft:used":{"minecraft:water_bucket":21,"minecraft:stone_pickaxe":86,"minecraft:oak_planks":8,"minecraft:shield":13,"minecraft:wooden_pickaxe":14,"minecraft:iron_sword":23,"minecraft:composter":1,"minecraft:cooked_chicken":1,"minecraft:rotten_flesh":5,"minecraft:torch":9,"minecraft:mutton":1,"minecraft:crafting_table":5,"minecraft:carrot":1,"minecraft:tuff":8,"minecraft:wooden_axe":26,"minecraft:iron_pickaxe":94,"minecraft:gravel":3,"minecraft:stone_axe":3,"minecraft:cobblestone":18,"minecraft:porkchop":1,"minecraft:oak_sapling":1,"minecraft:furnace":6,"minecraft:cooked_porkchop":6,"minecraft:andesite":1,"minecraft:bucket":22,"minecraft:egg":1,"minecraft:cooked_beef":3,"minecraft:cobbled_deepslate":25},"minecraft:crafted":{"minecraft:cooked_beef":3,"minecraft:oak_planks":104,"minecraft:cooked_porkchop":6,"minecraft:crafting_table":3,"minecraft:wooden_pickaxe":2,"minecraft:cooked_chicken":1,"minecraft:iron_sword":1,"minecraft:furnace":2,"minecraft:bucket":1,"minecraft:stone_axe":1,"minecraft:air":0,"minecraft:bow":1,"minecraft:shield":1,"minecraft:stick":20,"minecraft:iron_ingot":14,"minecraft:iron_pickaxe":1,"minecraft:stone_pickaxe":2,"minecraft:wooden_axe":1,"minecraft:torch":4},"minecraft:custom":{"minecraft:interact_with_furnace":35,"minecraft:mob_kills":17,"minecraft:interact_with_crafting_table":13,"minecraft:leave_game":2,"minecraft:time_since_death":8417,"minecraft:climb_one_cm":1008,"minecraft:time_since_rest":8469,"minecraft:sprint_one_cm":169075,"minecraft:damage_taken":1758,"minecraft:walk_one_cm":47951,"minecraft:damage_blocked_by_shield":810,"minecraft:drop":7,"minecraft:damage_dealt":2287,"minecraft:talked_to_villager":7,"minecraft:swim_one_cm":2952,"minecraft:fly_one_cm":170572,"minecraft:open_chest":6,"minecraft:crouch_one_cm":22704,"minecraft:play_time":39307,"minecraft:deaths":4,"minecraft:sneak_time":8895,"minecraft:walk_under_water_one_cm":9582,"minecraft:jump":1071,"minecraft:walk_on_water_one_cm":4407,"minecraft:total_world_time":39307,"minecraft:fall_one_cm":38637},"minecraft:mined":{"minecraft:tuff":8,"minecraft:deepslate_diamond_ore":17,"minecraft:crafting_table":2,"minecraft:torch":2,"minecraft:granite":1,"minecraft:cobblestone":7,"minecraft:deepslate_gold_ore":10,"minecraft:composter":1,"minecraft:oak_planks":1,"minecraft:wall_torch":3,"minecraft:furnace":4,"minecraft:iron_ore":9,"minecraft:birch_leaves":1,"minecraft:andesite":1,"minecraft:deepslate_lapis_ore":2,"minecraft:coal_ore":11,"minecraft:oak_log":26,"minecraft:deepslate_iron_ore":6,"minecraft:gravel":1,"minecraft:stone":83,"minecraft:oak_leaves":5,"minecraft:deepslate":21},"minecraft:dropped":{"minecraft:feather":2,"minecraft:oak_planks":3,"minecraft:wooden_axe":1,"minecraft:stone_pickaxe":1,"minecraft:wooden_pickaxe":2,"minecraft:white_wool":1},"minecraft:killed_by":{"minecraft:skeleton":1,"minecraft:zombie":2},"minecraft:killed":{"minecraft:pig":5,"minecraft:sheep":1,"minecraft:skeleton":2,"minecraft:zombie":6,"minecraft:chicken":1,"minecraft:cow":1},"minecraft:picked_up":{"minecraft:crafting_table":3,"minecraft:feather":4,"minecraft:chicken":1,"minecraft:water_bucket":1,"minecraft:andesite":1,"minecraft:tuff":8,"minecraft:oak_log":26,"minecraft:shield":1,"minecraft:lapis_lazuli":12,"minecraft:bone":8,"minecraft:bow":4,"minecraft:cobbled_deepslate":35,"minecraft:raw_gold":20,"minecraft:iron_ingot":7,"minecraft:beef":3,"minecraft:iron_pickaxe":1,"minecraft:iron_sword":1,"minecraft:oak_planks":54,"minecraft:egg":1,"minecraft:furnace":4,"minecraft:stick":4,"minecraft:raw_iron":15,"minecraft:composter":1,"minecraft:torch":8,"minecraft:gravel":3,"minecraft:porkchop":10,"minecraft:carrot":1,"minecraft:arrow":6,"minecraft:rotten_flesh":5,"minecraft:diamond":34,"minecraft:stone_axe":1,"minecraft:granite":1,"minecraft:oak_sapling":1,"minecraft:mutton":1,"minecraft:coal":11,"minecraft:white_wool":1,"minecraft:cobblestone":133}},"DataVersion":3465}