{"stats":{"minecraft:used":{"minecraft:cooked_mutton":11,"minecraft:water_bucket":7,"minecraft:flint_and_steel":12,"minecraft:stone_pickaxe":60,"minecraft:oak_planks":1,"minecraft:chest":1,"minecraft:wooden_pickaxe":29,"minecraft:shield":23,"minecraft:iron_sword":53,"minecraft:netherrack":74,"minecraft:iron_chestplate":1,"minecraft:white_wool":3,"minecraft:torch":13,"minecraft:golden_apple":1,"minecraft:dirt":2,"minecraft:crafting_table":8,"minecraft:white_bed":1,"minecraft:obsidian":1,"minecraft:wooden_axe":12,"minecraft:diamond_pickaxe":121,"minecraft:lava_bucket":8,"minecraft:iron_axe":35,"minecraft:iron_pickaxe":203,"minecraft:iron_helmet":1,"minecraft:iron_boots":1,"minecraft:gravel":4,"minecraft:stone_axe":55,"minecraft:cobblestone":71,"minecraft:furnace":8,"minecraft:oak_sapling":1,"minecraft:cooked_porkchop":2,"minecraft:bucket":16,"minecraft:andesite":3,"minecraft:cooked_beef":13,"minecraft:cobbled_deepslate":24,"minecraft:iron_leggings":1},"minecraft:crafted":{"minecraft:cooked_beef":13,"minecraft:oak_planks":84,"minecraft:cooked_porkchop":3,"minecraft:crafting_table":2,"minecraft:wooden_pickaxe":1,"minecraft:iron_helmet":1,"minecraft:iron_sword":1,"minecraft:furnace":2,"minecraft:bucket":1,"minecraft:stone_axe":1,"minecraft:cooked_mutton":11,"minecraft:air":0,"minecraft:flint_and_steel":1,"minecraft:iron_boots":1,"minecraft:iron_chestplate":1,"minecraft:diamond_pickaxe":1,"minecraft:shield":1,"minecraft:iron_axe":1,"minecraft:stick":20,"minecraft:iron_ingot":41,"minecraft:iron_pickaxe":1,"minecraft:stone_pickaxe":1,"minecraft:wooden_axe":1,"minecraft:chest":1,"minecraft:iron_leggings":1,"minecraft:white_bed":1,"minecraft:torch":4},"minecraft:custom":{"minecraft:interact_with_furnace":49,"minecraft:mob_kills":58,"minecraft:interact_with_crafting_table":25,"minecraft:leave_game":2,"minecraft:time_since_death":52630,"minecraft:time_since_rest":52630,"minecraft:sprint_one_cm":180326,"minecraft:walk_one_cm":66656,"minecraft:damage_taken":2050,"minecraft:damage_absorbed":40,"minecraft:damage_blocked_by_shield":1110,"minecraft:drop":25,"minecraft:damage_dealt":8695,"minecraft:swim_one_cm":6009,"minecraft:fly_one_cm":154204,"minecraft:open_chest":5,"minecraft:crouch_one_cm":45987,"minecraft:play_time":52630,"minecraft:sneak_time":15006,"minecraft:walk_under_water_one_cm":7243,"minecraft:jump":1050,"minecraft:walk_on_water_one_cm":29041,"minecraft:total_world_time":52630,"minecraft:fall_one_cm":28410},"minecraft:mined":{"minecraft:diamond_ore":2,"minecraft:deepslate_diamond_ore":9,"minecraft:obsidian":1,"minecraft:crafting_table":6,"minecraft:torch":1,"minecraft:grass_block":3,"minecraft:cobblestone":18,"minecraft:deepslate_gold_ore":5,"minecraft:wall_torch":4,"minecraft:spawner":1,"minecraft:glowstone":1,"minecraft:furnace":8,"minecraft:cobbled_deepslate":2,"minecraft:fire":11,"minecraft:iron_ore":67,"minecraft:andesite":20,"minecraft:pointed_dripstone":3,"minecraft:oak_log":21,"minecraft:coal_ore":52,"minecraft:deepslate_iron_ore":10,"minecraft:gravel":3,"minecraft:cobweb":18,"minecraft:netherrack":81,"minecraft:stone":78,"minecraft:white_wool":2,"minecraft:deepslate":44,"minecraft:oak_leaves":3},"minecraft:dropped":{"minecraft:stone_axe":2,"minecraft:cobbled_deepslate":14,"minecraft:rotten_flesh":5,"minecraft:glow_berries":3,"minecraft:light_gray_wool":1,"minecraft:glowstone_dust":3,"minecraft:dirt":1,"minecraft:wooden_axe":2,"minecraft:andesite":17,"minecraft:brown_wool":1,"minecraft:spider_eye":4,"minecraft:wooden_pickaxe":1,"minecraft:iron_pickaxe":1},"minecraft:killed":{"minecraft:piglin":1,"minecraft:cave_spider":3,"minecraft:pig":1,"minecraft:witch":1,"minecraft:spider":12,"minecraft:creeper":1,"minecraft:sheep":8,"minecraft:skeleton":2,"minecraft:zombie":15,"minecraft:piglin_brute":1,"minecraft:enderman":1,"minecraft:cow":7},"minecraft:picked_up":{"minecraft:wooden_axe":1,"minecraft:crafting_table":6,"minecraft:glow_ink_sac":7,"minecraft:andesite":20,"minecraft:leather":11,"minecraft:brown_wool":1,"minecraft:flint":1,"minecraft:oak_log":21,"minecraft:string":36,"minecraft:dirt":3,"minecraft:bone":2,"minecraft:cobbled_deepslate":46,"minecraft:raw_gold":5,"minecraft:iron_ingot":4,"minecraft:beef":13,"minecraft:light_gray_wool":1,"minecraft:glowstone_dust":3,"minecraft:oak_planks":13,"minecraft:furnace":8,"minecraft:raw_iron":77,"minecraft:torch":6,"minecraft:gravel":4,"minecraft:porkchop":3,"minecraft:pointed_dripstone":5,"minecraft:carrot":1,"minecraft:spider_eye":4,"minecraft:arrow":1,"minecraft:rotten_flesh":5,"minecraft:diamond":11,"minecraft:stone_axe":1,"minecraft:netherrack":79,"minecraft:obsidian":1,"minecraft:oak_sapling":1,"minecraft:mutton":11,"minecraft:coal":144,"minecraft:white_wool":8,"minecraft:cobblestone":93}},"DataVersion":3465}