{"stats":{"minecraft:used":{"minecraft:ladder":3,"minecraft:shield":13,"minecraft:iron_sword":30,"minecraft:rotten_flesh":5,"minecraft:cooked_chicken":1,"minecraft:torch":10,"minecraft:dirt":1,"minecraft:mutton":1,"minecraft:carrot":1,"minecraft:tuff":8,"minecraft:wooden_axe":26,"minecraft:chipped_anvil":1,"minecraft:bookshelf":4,"minecraft:iron_axe":59,"minecraft:diamond_chestplate":1,"minecraft:furnace":6,"minecraft:oak_sapling":1,"minecraft:egg":1,"minecraft:cooked_beef":3,"minecraft:cobbled_deepslate":25,"minecraft:water_bucket":21,"minecraft:diamond_boots":1,"minecraft:stone_pickaxe":86,"minecraft:oak_planks":8,"minecraft:wooden_pickaxe":14,"minecraft:composter":2,"minecraft:crafting_table":5,"minecraft:blast_furnace":1,"minecraft:shears":1,"minecraft:apple":21,"minecraft:string":13,"minecraft:iron_pickaxe":95,"minecraft:gravel":3,"minecraft:stone_axe":3,"minecraft:diamond_sword":18,"minecraft:cobblestone":18,"minecraft:cooked_porkchop":9,"minecraft:porkchop":1,"minecraft:grindstone":1,"minecraft:bucket":22,"minecraft:andesite":1,"minecraft:diamond_leggings":2},"minecraft:crafted":{"minecraft:grindstone":1,"minecraft:smooth_stone":3,"minecraft:oak_planks":116,"minecraft:chainmail_helmet":12,"minecraft:cooked_chicken":1,"minecraft:furnace":3,"minecraft:blast_furnace":1,"minecraft:stone":6,"minecraft:bookshelf":4,"minecraft:diamond_helmet":1,"minecraft:bow":1,"minecraft:diamond_leggings":1,"minecraft:iron_axe":2,"minecraft:stone_pickaxe":2,"minecraft:diamond_boots":1,"minecraft:cooked_beef":3,"minecraft:diamond_sword":1,"minecraft:emerald":538,"minecraft:cooked_porkchop":9,"minecraft:crafting_table":3,"minecraft:wooden_pickaxe":2,"minecraft:iron_helmet":12,"minecraft:iron_sword":1,"minecraft:bucket":1,"minecraft:stone_axe":1,"minecraft:enchanted_book":10,"minecraft:air":0,"minecraft:apple":64,"minecraft:diamond_pickaxe":1,"minecraft:shield":1,"minecraft:stick":32,"minecraft:stone_slab":6,"minecraft:iron_pickaxe":1,"minecraft:iron_ingot":14,"minecraft:chainmail_boots":12,"minecraft:wooden_axe":1,"minecraft:iron_leggings":1,"minecraft:torch":4,"minecraft:diamond_chestplate":1},"minecraft:custom":{"minecraft:interact_with_anvil":5,"minecraft:mob_kills":24,"minecraft:inspect_hopper":6,"minecraft:interact_with_crafting_table":21,"minecraft:leave_game":2,"minecraft:time_since_death":80417,"minecraft:climb_one_cm":22503,"minecraft:sprint_one_cm":415567,"minecraft:walk_one_cm":174476,"minecraft:damage_blocked_by_shield":810,"minecraft:drop":66,"minecraft:talked_to_villager":314,"minecraft:play_time":111307,"minecraft:deaths":4,"minecraft:sneak_time":11609,"minecraft:walk_under_water_one_cm":9644,"minecraft:jump":2192,"minecraft:walk_on_water_one_cm":13132,"minecraft:total_world_time":111307,"minecraft:interact_with_furnace":66,"minecraft:traded_with_villager":611,"minecraft:interact_with_grindstone":8,"minecraft:sleep_in_bed":15,"minecraft:time_since_rest":2980,"minecraft:damage_taken":2062,"minecraft:damage_dealt":7496,"minecraft:player_kills":2,"minecraft:swim_one_cm":9698,"minecraft:fly_one_cm":380624,"minecraft:open_chest":113,"minecraft:crouch_one_cm":28369,"minecraft:fall_one_cm":47296},"minecraft:mined":{"minecraft:tuff":8,"minecraft:white_bed":1,"minecraft:deepslate_diamond_ore":17,"minecraft:ladder":3,"minecraft:granite":1,"minecraft:grass_block":5,"minecraft:composter":2,"minecraft:furnace":4,"minecraft:iron_ore":9,"minecraft:andesite":1,"minecraft:deepslate_lapis_ore":2,"minecraft:bookshelf":4,"minecraft:deepslate_iron_ore":6,"minecraft:stone":83,"minecraft:tripwire":9,"minecraft:crafting_table":2,"minecraft:torch":3,"minecraft:cobblestone":7,"minecraft:deepslate_gold_ore":10,"minecraft:oak_planks":1,"minecraft:wall_torch":3,"minecraft:birch_leaves":1,"minecraft:grass":4,"minecraft:oak_log":29,"minecraft:coal_ore":11,"minecraft:gravel":1,"minecraft:chipped_anvil":1,"minecraft:oak_leaves":5,"minecraft:deepslate":21},"minecraft:dropped":{"minecraft:iron_ingot":1,"minecraft:iron_sword":1,"minecraft:wheat_seeds":2,"minecraft:feather":2,"minecraft:iron_helmet":12,"minecraft:cobblestone":2,"minecraft:apple":116,"minecraft:chainmail_helmet":12,"minecraft:dirt":3,"minecraft:wooden_axe":3,"minecraft:iron_leggings":1,"minecraft:iron_axe":1,"minecraft:iron_pickaxe":2,"minecraft:string":2,"minecraft:white_wool":1,"minecraft:stone_axe":1,"minecraft:rotten_flesh":2,"minecraft:oak_planks":3,"minecraft:shears":1,"minecraft:poppy":4,"minecraft:chainmail_boots":12,"minecraft:stone_pickaxe":1,"minecraft:wooden_pickaxe":2},"minecraft:killed_by":{"minecraft:skeleton":1,"minecraft:zombie":2},"minecraft:killed":{"minecraft:spider":1,"minecraft:skeleton":2,"minecraft:chicken":1,"minecraft:pig":5,"minecraft:iron_golem":5,"minecraft:sheep":1,"minecraft:zombie":7,"minecraft:cow":1},"minecraft:picked_up":{"minecraft:wooden_axe":2,"minecraft:crafting_table":3,"minecraft:chicken":1,"minecraft:ladder":3,"minecraft:smithing_table":1,"minecraft:shield":1,"minecraft:string":604,"minecraft:cobbled_deepslate":35,"minecraft:beef":3,"minecraft:poppy":4,"minecraft:iron_pickaxe":2,"minecraft:furnace":4,"minecraft:egg":1,"minecraft:raw_iron":15,"minecraft:stick":4,"minecraft:composter":2,"minecraft:torch":9,"minecraft:porkchop":10,"minecraft:carrot":1,"minecraft:arrow":6,"minecraft:rotten_flesh":5,"minecraft:shears":1,"minecraft:mutton":1,"minecraft:white_wool":1,"minecraft:cobblestone":133,"minecraft:feather":4,"minecraft:water_bucket":1,"minecraft:andesite":1,"minecraft:tuff":8,"minecraft:oak_log":29,"minecraft:lapis_lazuli":12,"minecraft:dirt":4,"minecraft:bone":8,"minecraft:chipped_anvil":1,"minecraft:apple":119,"minecraft:bow":4,"minecraft:wheat_seeds":1,"minecraft:raw_gold":20,"minecraft:iron_ingot":31,"minecraft:oak_planks":54,"minecraft:iron_sword":1,"minecraft:book":12,"minecraft:gravel":3,"minecraft:diamond":34,"minecraft:stone_axe":1,"minecraft:granite":1,"minecraft:oak_sapling":1,"minecraft:coal":11}},"DataVersion":3465}