{"stats":{"minecraft:used":{"minecraft:cooked_mutton":11,"minecraft:water_bucket":1,"minecraft:stone_pickaxe":60,"minecraft:wooden_pickaxe":29,"minecraft:shield":13,"minecraft:iron_sword":21,"minecraft:iron_chestplate":1,"minecraft:white_wool":3,"minecraft:torch":8,"minecraft:golden_apple":1,"minecraft:dirt":2,"minecraft:crafting_table":5,"minecraft:wooden_axe":12,"minecraft:iron_axe":12,"minecraft:iron_pickaxe":138,"minecraft:iron_helmet":1,"minecraft:iron_boots":1,"minecraft:stone_axe":55,"minecraft:cobblestone":8,"minecraft:furnace":6,"minecraft:oak_sapling":1,"minecraft:bucket":2,"minecraft:andesite":3,"minecraft:cooked_beef":4,"minecraft:iron_leggings":1},"minecraft:crafted":{"minecraft:cooked_beef":13,"minecraft:oak_planks":84,"minecraft:crafting_table":1,"minecraft:wooden_pickaxe":1,"minecraft:iron_helmet":1,"minecraft:iron_sword":1,"minecraft:furnace":2,"minecraft:bucket":1,"minecraft:stone_axe":1,"minecraft:cooked_mutton":11,"minecraft:air":0,"minecraft:iron_boots":1,"minecraft:iron_chestplate":1,"minecraft:shield":1,"minecraft:iron_axe":1,"minecraft:stick":20,"minecraft:iron_ingot":41,"minecraft:iron_pickaxe":1,"minecraft:stone_pickaxe":1,"minecraft:wooden_axe":1,"minecraft:iron_leggings":1,"minecraft:torch":4},"minecraft:custom":{"minecraft:interact_with_furnace":46,"minecraft:mob_kills":38,"minecraft:interact_with_crafting_table":22,"minecraft:leave_game":2,"minecraft:time_since_death":28630,"minecraft:time_since_rest":28630,"minecraft:sprint_one_cm":111924,"minecraft:walk_one_cm":40853,"minecraft:damage_taken":1067,"minecraft:damage_absorbed":40,"minecraft:damage_blocked_by_shield":510,"minecraft:drop":14,"minecraft:damage_dealt":5090,"minecraft:fly_one_cm":73819,"minecraft:crouch_one_cm":16206,"minecraft:play_time":28630,"minecraft:sneak_time":6100,"minecraft:walk_under_water_one_cm":931,"minecraft:jump":542,"minecraft:walk_on_water_one_cm":3089,"minecraft:total_world_time":28630,"minecraft:fall_one_cm":14921},"minecraft:mined":{"minecraft:deepslate_diamond_ore":2,"minecraft:crafting_table":5,"minecraft:torch":1,"minecraft:grass_block":3,"minecraft:cobblestone":2,"minecraft:wall_torch":4,"minecraft:spawner":1,"minecraft:furnace":6,"minecraft:iron_ore":54,"minecraft:andesite":20,"minecraft:pointed_dripstone":3,"minecraft:oak_log":21,"minecraft:coal_ore":52,"minecraft:cobweb":18,"minecraft:stone":73,"minecraft:white_wool":2,"minecraft:deepslate":8,"minecraft:oak_leaves":3},"minecraft:dropped":{"minecraft:stone_axe":2,"minecraft:cobbled_deepslate":8,"minecraft:rotten_flesh":2,"minecraft:glow_berries":3,"minecraft:light_gray_wool":1,"minecraft:dirt":1,"minecraft:wooden_axe":2,"minecraft:andesite":17,"minecraft:brown_wool":1,"minecraft:spider_eye":2,"minecraft:wooden_pickaxe":1},"minecraft:killed":{"minecraft:cave_spider":3,"minecraft:pig":1,"minecraft:spider":1,"minecraft:sheep":8,"minecraft:skeleton":2,"minecraft:zombie":13,"minecraft:cow":7},"minecraft:picked_up":{"minecraft:wooden_axe":1,"minecraft:crafting_table":5,"minecraft:andesite":20,"minecraft:leather":11,"minecraft:brown_wool":1,"minecraft:oak_log":21,"minecraft:string":23,"minecraft:dirt":3,"minecraft:bone":1,"minecraft:cobbled_deepslate":8,"minecraft:iron_ingot":4,"minecraft:beef":13,"minecraft:light_gray_wool":1,"minecraft:oak_planks":13,"minecraft:furnace":6,"minecraft:raw_iron":53,"minecraft:torch":5,"minecraft:porkchop":3,"minecraft:pointed_dripstone":5,"minecraft:carrot":1,"minecraft:spider_eye":2,"minecraft:arrow":1,"minecraft:rotten_flesh":3,"minecraft:diamond":2,"minecraft:stone_axe":1,"minecraft:oak_sapling":1,"minecraft:mutton":11,"minecraft:coal":106,"minecraft:white_wool":8,"minecraft:cobblestone":72}},"DataVersion":3465}