{"stats":{"minecraft:used":{"minecraft:cooked_mutton":11,"minecraft:water_bucket":5,"minecraft:stone_pickaxe":60,"minecraft:wooden_pickaxe":29,"minecraft:shield":13,"minecraft:iron_sword":42,"minecraft:iron_chestplate":1,"minecraft:white_wool":3,"minecraft:torch":11,"minecraft:golden_apple":1,"minecraft:dirt":2,"minecraft:crafting_table":5,"minecraft:wooden_axe":12,"minecraft:lava_bucket":1,"minecraft:iron_axe":26,"minecraft:iron_pickaxe":203,"minecraft:iron_helmet":1,"minecraft:iron_boots":1,"minecraft:stone_axe":55,"minecraft:cobblestone":15,"minecraft:furnace":8,"minecraft:oak_sapling":1,"minecraft:cooked_porkchop":1,"minecraft:bucket":7,"minecraft:andesite":3,"minecraft:cooked_beef":13,"minecraft:cobbled_deepslate":11,"minecraft:iron_leggings":1},"minecraft:crafted":{"minecraft:cooked_beef":13,"minecraft:oak_planks":84,"minecraft:cooked_porkchop":3,"minecraft:crafting_table":1,"minecraft:wooden_pickaxe":1,"minecraft:iron_helmet":1,"minecraft:iron_sword":1,"minecraft:furnace":2,"minecraft:bucket":1,"minecraft:stone_axe":1,"minecraft:cooked_mutton":11,"minecraft:air":0,"minecraft:iron_boots":1,"minecraft:iron_chestplate":1,"minecraft:shield":1,"minecraft:iron_axe":1,"minecraft:stick":20,"minecraft:iron_ingot":41,"minecraft:iron_pickaxe":1,"minecraft:stone_pickaxe":1,"minecraft:wooden_axe":1,"minecraft:iron_leggings":1,"minecraft:torch":4},"minecraft:custom":{"minecraft:interact_with_furnace":49,"minecraft:mob_kills":53,"minecraft:interact_with_crafting_table":22,"minecraft:leave_game":2,"minecraft:time_since_death":40630,"minecraft:time_since_rest":40630,"minecraft:sprint_one_cm":163454,"minecraft:walk_one_cm":56193,"minecraft:damage_taken":1999,"minecraft:damage_absorbed":40,"minecraft:damage_blocked_by_shield":510,"minecraft:drop":17,"minecraft:damage_dealt":7490,"minecraft:swim_one_cm":5471,"minecraft:fly_one_cm":150570,"minecraft:crouch_one_cm":22829,"minecraft:play_time":40630,"minecraft:sneak_time":8474,"minecraft:walk_under_water_one_cm":6307,"minecraft:jump":972,"minecraft:walk_on_water_one_cm":18297,"minecraft:total_world_time":40630,"minecraft:fall_one_cm":26970},"minecraft:mined":{"minecraft:diamond_ore":2,"minecraft:deepslate_diamond_ore":9,"minecraft:crafting_table":5,"minecraft:torch":1,"minecraft:grass_block":3,"minecraft:cobblestone":3,"minecraft:deepslate_gold_ore":5,"minecraft:wall_torch":4,"minecraft:spawner":1,"minecraft:furnace":8,"minecraft:iron_ore":67,"minecraft:andesite":20,"minecraft:pointed_dripstone":3,"minecraft:oak_log":21,"minecraft:coal_ore":52,"minecraft:deepslate_iron_ore":10,"minecraft:cobweb":18,"minecraft:stone":78,"minecraft:white_wool":2,"minecraft:deepslate":28,"minecraft:oak_leaves":3},"minecraft:dropped":{"minecraft:stone_axe":2,"minecraft:cobbled_deepslate":8,"minecraft:rotten_flesh":5,"minecraft:glow_berries":3,"minecraft:light_gray_wool":1,"minecraft:dirt":1,"minecraft:wooden_axe":2,"minecraft:andesite":17,"minecraft:brown_wool":1,"minecraft:spider_eye":4,"minecraft:wooden_pickaxe":1},"minecraft:killed":{"minecraft:cave_spider":3,"minecraft:pig":1,"minecraft:witch":1,"minecraft:spider":12,"minecraft:creeper":1,"minecraft:sheep":8,"minecraft:skeleton":2,"minecraft:zombie":14,"minecraft:enderman":1,"minecraft:cow":7},"minecraft:picked_up":{"minecraft:wooden_axe":1,"minecraft:crafting_table":5,"minecraft:glow_ink_sac":4,"minecraft:andesite":20,"minecraft:leather":11,"minecraft:brown_wool":1,"minecraft:oak_log":21,"minecraft:string":36,"minecraft:dirt":3,"minecraft:bone":2,"minecraft:cobbled_deepslate":28,"minecraft:raw_gold":5,"minecraft:iron_ingot":4,"minecraft:beef":13,"minecraft:light_gray_wool":1,"minecraft:oak_planks":13,"minecraft:furnace":8,"minecraft:raw_iron":77,"minecraft:torch":5,"minecraft:porkchop":3,"minecraft:pointed_dripstone":5,"minecraft:carrot":1,"minecraft:spider_eye":4,"minecraft:arrow":1,"minecraft:rotten_flesh":5,"minecraft:diamond":11,"minecraft:stone_axe":1,"minecraft:oak_sapling":1,"minecraft:mutton":11,"minecraft:coal":144,"minecraft:white_wool":8,"minecraft:cobblestone":78}},"DataVersion":3465}