{"stats":{"minecraft:used":{"minecraft:oak_trapdoor":10,"minecraft:water_bucket":8,"minecraft:diamond_boots":2,"minecraft:oak_planks":2,"minecraft:chest":17,"minecraft:iron_sword":1,"minecraft:rotten_flesh":1,"minecraft:netherrack":24,"minecraft:soul_sand":9,"minecraft:dirt":95,"minecraft:anvil":1,"minecraft:hopper":8,"minecraft:carrot":19,"minecraft:diamond_helmet":2,"minecraft:shears":6,"minecraft:obsidian":12,"minecraft:lever":2,"minecraft:diamond_pickaxe":338,"minecraft:bookshelf":5,"minecraft:birch_sapling":1,"minecraft:bread":34,"minecraft:string":15,"minecraft:gravel":6,"minecraft:stone_axe":34,"minecraft:diamond_chestplate":4,"minecraft:tripwire_hook":4,"minecraft:diamond_sword":43,"minecraft:beef":2,"minecraft:cobblestone":7,"minecraft:soul_soil":9,"minecraft:cooked_porkchop":2,"minecraft:andesite":1,"minecraft:bucket":7,"minecraft:egg":1,"minecraft:potato":1,"minecraft:cobbled_deepslate":34,"minecraft:diamond_leggings":4},"minecraft:crafted":{"minecraft:diamond_sword":1,"minecraft:emerald":146,"minecraft:stone_axe":1,"minecraft:bookshelf":5,"minecraft:enchanted_book":12,"minecraft:bread":96,"minecraft:diamond_helmet":1,"minecraft:diamond_leggings":1,"minecraft:diamond_pickaxe":1,"minecraft:stick":4,"minecraft:iron_block":3,"minecraft:diamond_boots":1,"minecraft:anvil":1,"minecraft:diamond_chestplate":1},"minecraft:custom":{"minecraft:interact_with_furnace":4,"minecraft:mob_kills":8,"minecraft:interact_with_anvil":5,"minecraft:inspect_hopper":4,"minecraft:traded_with_villager":179,"minecraft:interact_with_crafting_table":8,"minecraft:leave_game":5,"minecraft:time_since_death":23615,"minecraft:sleep_in_bed":12,"minecraft:climb_one_cm":9162,"minecraft:time_since_rest":20394,"minecraft:sprint_one_cm":209495,"minecraft:damage_taken":3284,"minecraft:walk_one_cm":132484,"minecraft:drop":43,"minecraft:damage_dealt":2193,"minecraft:swim_one_cm":26416,"minecraft:talked_to_villager":54,"minecraft:fly_one_cm":425631,"minecraft:open_chest":170,"minecraft:crouch_one_cm":17295,"minecraft:play_time":86199,"minecraft:deaths":6,"minecraft:sneak_time":5937,"minecraft:walk_under_water_one_cm":5384,"minecraft:jump":2184,"minecraft:walk_on_water_one_cm":18865,"minecraft:total_world_time":86199,"minecraft:fall_one_cm":51675},"minecraft:mined":{"minecraft:soul_sand":10,"minecraft:lever":1,"minecraft:grass_block":44,"minecraft:chest":11,"minecraft:nether_quartz_ore":1,"minecraft:soul_soil":9,"minecraft:tall_grass":2,"minecraft:cobblestone":1,"minecraft:oak_planks":4,"minecraft:hopper":6,"minecraft:diorite":5,"minecraft:oak_trapdoor":10,"minecraft:carrots":16,"minecraft:iron_ore":1,"minecraft:cobbled_deepslate":17,"minecraft:andesite":8,"minecraft:potatoes":2,"minecraft:grass":57,"minecraft:bookshelf":5,"minecraft:gravel":12,"minecraft:dirt":75,"minecraft:tripwire_hook":2,"minecraft:stone":32,"minecraft:netherrack":264,"minecraft:oak_leaves":2,"minecraft:tripwire":4,"minecraft:fern":5},"minecraft:dropped":{"minecraft:gravel":4,"minecraft:iron_sword":1,"minecraft:wheat_seeds":11,"minecraft:diamond_leggings":1,"minecraft:feather":1,"minecraft:rotten_flesh":19,"minecraft:oak_planks":2,"minecraft:shears":1,"minecraft:diamond_sword":1,"minecraft:potato":7,"minecraft:diamond_chestplate":1,"minecraft:diamond_pickaxe":1,"minecraft:diamond_helmet":1,"minecraft:spider_eye":4,"minecraft:diamond_boots":1,"minecraft:bow":2,"minecraft:iron_pickaxe":2,"minecraft:string":23},"minecraft:killed_by":{"minecraft:player":3,"minecraft:zombie":1},"minecraft:killed":{"minecraft:spider":2,"minecraft:creeper":1,"minecraft:skeleton":1,"minecraft:zombie":1,"minecraft:chicken":1,"minecraft:drowned":1,"minecraft:cow":1},"minecraft:picked_up":{"minecraft:feather":2,"minecraft:tripwire_hook":4,"minecraft:water_bucket":1,"minecraft:andesite":15,"minecraft:diamond_sword":3,"minecraft:potato":13,"minecraft:flint":2,"minecraft:string":283,"minecraft:dirt":155,"minecraft:oak_trapdoor":8,"minecraft:soul_soil":9,"minecraft:bone":8,"minecraft:bow":2,"minecraft:diamond_leggings":3,"minecraft:wheat_seeds":13,"minecraft:cobbled_deepslate":138,"minecraft:iron_ingot":2,"minecraft:iron_pickaxe":2,"minecraft:beef":2,"minecraft:diamond_helmet":3,"minecraft:iron_sword":1,"minecraft:chest":19,"minecraft:birch_sapling":1,"minecraft:oak_planks":11,"minecraft:soul_sand":9,"minecraft:egg":1,"minecraft:book":15,"minecraft:cooked_porkchop":6,"minecraft:quartz":1,"minecraft:gravel":10,"minecraft:diorite":14,"minecraft:carrot":18,"minecraft:spider_eye":5,"minecraft:diamond_chestplate":3,"minecraft:rotten_flesh":21,"minecraft:diamond":47,"minecraft:stone_axe":2,"minecraft:lever":2,"minecraft:shears":4,"minecraft:diamond_boots":3,"minecraft:bread":31,"minecraft:netherrack":263,"minecraft:obsidian":14,"minecraft:hopper":8,"minecraft:cobblestone":60,"minecraft:diamond_pickaxe":3}},"DataVersion":3465}