{"stats":{"minecraft:used":{"minecraft:oak_trapdoor":10,"minecraft:water_bucket":8,"minecraft:diamond_boots":1,"minecraft:chest":17,"minecraft:dirt":63,"minecraft:hopper":8,"minecraft:carrot":1,"minecraft:diamond_helmet":1,"minecraft:shears":5,"minecraft:lever":2,"minecraft:diamond_pickaxe":23,"minecraft:bookshelf":5,"minecraft:bread":12,"minecraft:string":14,"minecraft:stone_axe":13,"minecraft:diamond_chestplate":1,"minecraft:tripwire_hook":4,"minecraft:diamond_sword":9,"minecraft:cooked_porkchop":1,"minecraft:bucket":7,"minecraft:cobbled_deepslate":34,"minecraft:diamond_leggings":1},"minecraft:crafted":{"minecraft:diamond_sword":1,"minecraft:emerald":6,"minecraft:stone_axe":1,"minecraft:bookshelf":5,"minecraft:enchanted_book":12,"minecraft:diamond_helmet":1,"minecraft:diamond_leggings":1,"minecraft:diamond_pickaxe":1,"minecraft:stick":4,"minecraft:diamond_boots":1,"minecraft:diamond_chestplate":1},"minecraft:custom":{"minecraft:mob_kills":1,"minecraft:interact_with_anvil":3,"minecraft:inspect_hopper":1,"minecraft:traded_with_villager":23,"minecraft:interact_with_crafting_table":7,"minecraft:leave_game":5,"minecraft:time_since_death":35323,"minecraft:sleep_in_bed":8,"minecraft:climb_one_cm":3422,"minecraft:time_since_rest":2775,"minecraft:sprint_one_cm":85197,"minecraft:damage_taken":906,"minecraft:walk_one_cm":62403,"minecraft:drop":20,"minecraft:damage_dealt":354,"minecraft:swim_one_cm":3799,"minecraft:talked_to_villager":28,"minecraft:fly_one_cm":132623,"minecraft:open_chest":102,"minecraft:crouch_one_cm":8272,"minecraft:play_time":38199,"minecraft:deaths":1,"minecraft:sneak_time":2623,"minecraft:walk_under_water_one_cm":2265,"minecraft:jump":717,"minecraft:walk_on_water_one_cm":11014,"minecraft:total_world_time":38199,"minecraft:fall_one_cm":19096},"minecraft:mined":{"minecraft:lever":1,"minecraft:grass_block":33,"minecraft:chest":11,"minecraft:hopper":6,"minecraft:oak_trapdoor":10,"minecraft:cobbled_deepslate":17,"minecraft:grass":43,"minecraft:bookshelf":5,"minecraft:dirt":28,"minecraft:tripwire_hook":2,"minecraft:oak_leaves":2,"minecraft:tripwire":2,"minecraft:fern":5},"minecraft:dropped":{"minecraft:wheat_seeds":8,"minecraft:diamond_leggings":1,"minecraft:rotten_flesh":5,"minecraft:shears":1,"minecraft:diamond_sword":1,"minecraft:diamond_chestplate":1,"minecraft:diamond_pickaxe":1,"minecraft:diamond_helmet":1,"minecraft:diamond_boots":1,"minecraft:bow":1,"minecraft:string":16},"minecraft:killed":{"minecraft:creeper":1},"minecraft:picked_up":{"minecraft:tripwire_hook":4,"minecraft:water_bucket":1,"minecraft:diamond_sword":1,"minecraft:string":266,"minecraft:dirt":61,"minecraft:oak_trapdoor":8,"minecraft:bow":1,"minecraft:diamond_leggings":1,"minecraft:wheat_seeds":9,"minecraft:cobbled_deepslate":138,"minecraft:diamond_helmet":1,"minecraft:chest":19,"minecraft:oak_planks":3,"minecraft:book":15,"minecraft:cooked_porkchop":5,"minecraft:diamond_chestplate":1,"minecraft:rotten_flesh":5,"minecraft:diamond":47,"minecraft:lever":2,"minecraft:shears":2,"minecraft:diamond_boots":1,"minecraft:bread":25,"minecraft:hopper":8,"minecraft:diamond_pickaxe":1}},"DataVersion":3465}