{"stats":{"minecraft:used":{"minecraft:oak_trapdoor":4,"minecraft:water_bucket":2,"minecraft:diamond_boots":1,"minecraft:chest":9,"minecraft:dirt":17,"minecraft:hopper":4,"minecraft:diamond_helmet":1,"minecraft:shears":1,"minecraft:lever":1,"minecraft:diamond_pickaxe":2,"minecraft:bookshelf":5,"minecraft:bread":6,"minecraft:string":3,"minecraft:diamond_chestplate":1,"minecraft:tripwire_hook":2,"minecraft:diamond_sword":2,"minecraft:cooked_porkchop":1,"minecraft:bucket":1,"minecraft:cobbled_deepslate":17,"minecraft:diamond_leggings":1},"minecraft:crafted":{"minecraft:diamond_sword":1,"minecraft:emerald":6,"minecraft:bookshelf":5,"minecraft:enchanted_book":12,"minecraft:diamond_helmet":1,"minecraft:diamond_leggings":1,"minecraft:diamond_pickaxe":1,"minecraft:stick":4,"minecraft:diamond_boots":1,"minecraft:diamond_chestplate":1},"minecraft:custom":{"minecraft:interact_with_anvil":3,"minecraft:inspect_hopper":1,"minecraft:traded_with_villager":23,"minecraft:interact_with_crafting_table":4,"minecraft:leave_game":5,"minecraft:time_since_death":23323,"minecraft:sleep_in_bed":5,"minecraft:climb_one_cm":2660,"minecraft:time_since_rest":11835,"minecraft:sprint_one_cm":64502,"minecraft:damage_taken":546,"minecraft:walk_one_cm":38002,"minecraft:drop":18,"minecraft:damage_dealt":131,"minecraft:swim_one_cm":3799,"minecraft:talked_to_villager":28,"minecraft:fly_one_cm":106254,"minecraft:open_chest":68,"minecraft:crouch_one_cm":4501,"minecraft:play_time":26199,"minecraft:deaths":1,"minecraft:sneak_time":1380,"minecraft:walk_under_water_one_cm":1355,"minecraft:jump":545,"minecraft:walk_on_water_one_cm":10013,"minecraft:total_world_time":26199,"minecraft:fall_one_cm":16391},"minecraft:mined":{"minecraft:lever":1,"minecraft:grass_block":23,"minecraft:chest":3,"minecraft:hopper":2,"minecraft:oak_trapdoor":4,"minecraft:grass":42,"minecraft:bookshelf":5,"minecraft:dirt":22,"minecraft:tripwire_hook":2,"minecraft:oak_leaves":2,"minecraft:tripwire":2,"minecraft:fern":5},"minecraft:dropped":{"minecraft:wheat_seeds":8,"minecraft:diamond_leggings":1,"minecraft:rotten_flesh":5,"minecraft:diamond_sword":1,"minecraft:diamond_chestplate":1,"minecraft:diamond_pickaxe":1,"minecraft:diamond_helmet":1,"minecraft:diamond_boots":1,"minecraft:bow":1},"minecraft:picked_up":{"minecraft:tripwire_hook":2,"minecraft:water_bucket":1,"minecraft:diamond_sword":1,"minecraft:string":241,"minecraft:dirt":46,"minecraft:oak_trapdoor":2,"minecraft:bow":1,"minecraft:diamond_leggings":1,"minecraft:wheat_seeds":9,"minecraft:cobbled_deepslate":121,"minecraft:diamond_helmet":1,"minecraft:chest":11,"minecraft:oak_planks":3,"minecraft:book":15,"minecraft:cooked_porkchop":5,"minecraft:diamond_chestplate":1,"minecraft:rotten_flesh":5,"minecraft:diamond":47,"minecraft:lever":1,"minecraft:shears":1,"minecraft:diamond_boots":1,"minecraft:bread":9,"minecraft:hopper":4,"minecraft:diamond_pickaxe":1}},"DataVersion":3465}