{"stats":{"minecraft:used":{"minecraft:wooden_axe":12,"minecraft:crafting_table":2,"minecraft:oak_sapling":1},"minecraft:crafted":{"minecraft:oak_planks":20,"minecraft:crafting_table":1,"minecraft:stick":4,"minecraft:wooden_pickaxe":1,"minecraft:wooden_axe":1},"minecraft:custom":{"minecraft:time_since_rest":3604,"minecraft:crouch_one_cm":1578,"minecraft:play_time":3604,"minecraft:sprint_one_cm":12425,"minecraft:walk_one_cm":2050,"minecraft:sneak_time":320,"minecraft:mob_kills":4,"minecraft:drop":2,"minecraft:jump":158,"minecraft:damage_dealt":400,"minecraft:time_since_death":3604,"minecraft:total_world_time":3604,"minecraft:fall_one_cm":5099,"minecraft:interact_with_crafting_table":2,"minecraft:fly_one_cm":50323},"minecraft:mined":{"minecraft:grass":17,"minecraft:oak_log":5,"minecraft:crafting_table":2},"minecraft:dropped":{"minecraft:wheat_seeds":1,"minecraft:oak_log":5},"minecraft:killed":{"minecraft:pig":4},"minecraft:picked_up":{"minecraft:crafting_table":2,"minecraft:wheat_seeds":2,"minecraft:porkchop":9,"minecraft:oak_log":10,"minecraft:oak_sapling":1}},"DataVersion":3465}