{"stats":{"minecraft:used":{"minecraft:oak_trapdoor":10,"minecraft:chest":17,"minecraft:iron_sword":1,"minecraft:rotten_flesh":1,"minecraft:netherrack":89,"minecraft:torch":3,"minecraft:brewing_stand":4,"minecraft:dirt":97,"minecraft:soul_sand":9,"minecraft:anvil":1,"minecraft:hopper":8,"minecraft:carrot":19,"minecraft:diamond_helmet":3,"minecraft:obsidian":12,"minecraft:chipped_anvil":1,"minecraft:bookshelf":5,"minecraft:birch_sapling":1,"minecraft:glowstone":9,"minecraft:diamond_chestplate":4,"minecraft:tripwire_hook":4,"minecraft:beef":2,"minecraft:soul_soil":9,"minecraft:egg":1,"minecraft:potato":1,"minecraft:cobbled_deepslate":34,"minecraft:water_bucket":8,"minecraft:diamond_boots":3,"minecraft:oak_planks":2,"minecraft:shears":6,"minecraft:ender_eye":2,"minecraft:lever":2,"minecraft:diamond_pickaxe":365,"minecraft:bread":72,"minecraft:string":15,"minecraft:gravel":6,"minecraft:stone_axe":35,"minecraft:diamond_sword":110,"minecraft:cobblestone":7,"minecraft:cooked_porkchop":2,"minecraft:bucket":7,"minecraft:andesite":1,"minecraft:diamond_leggings":4},"minecraft:crafted":{"minecraft:redstone":24,"minecraft:blaze_powder":12,"minecraft:bookshelf":5,"minecraft:cooked_mutton":3,"minecraft:diamond_helmet":1,"minecraft:diamond_leggings":1,"minecraft:ender_pearl":11,"minecraft:diamond_boots":1,"minecraft:ender_eye":12,"minecraft:diamond_sword":1,"minecraft:emerald":222,"minecraft:brewing_stand":1,"minecraft:glowstone":9,"minecraft:stone_axe":1,"minecraft:enchanted_book":12,"minecraft:air":0,"minecraft:bread":96,"minecraft:diamond_pickaxe":1,"minecraft:stick":4,"minecraft:iron_block":3,"minecraft:anvil":1,"minecraft:lapis_lazuli":12,"minecraft:diamond_chestplate":1},"minecraft:custom":{"minecraft:interact_with_anvil":7,"minecraft:mob_kills":19,"minecraft:inspect_hopper":4,"minecraft:interact_with_crafting_table":13,"minecraft:open_barrel":1,"minecraft:leave_game":5,"minecraft:time_since_death":59615,"minecraft:climb_one_cm":14144,"minecraft:sprint_one_cm":345598,"minecraft:walk_one_cm":202502,"minecraft:drop":68,"minecraft:talked_to_villager":93,"minecraft:play_time":122199,"minecraft:deaths":6,"minecraft:sneak_time":6565,"minecraft:walk_under_water_one_cm":5604,"minecraft:jump":3113,"minecraft:walk_on_water_one_cm":20245,"minecraft:total_world_time":122199,"minecraft:interact_with_furnace":8,"minecraft:traded_with_villager":299,"minecraft:sleep_in_bed":16,"minecraft:time_since_rest":4318,"minecraft:damage_taken":4815,"minecraft:damage_dealt":6038,"minecraft:swim_one_cm":28344,"minecraft:fly_one_cm":621938,"minecraft:player_kills":1,"minecraft:open_chest":208,"minecraft:crouch_one_cm":19222,"minecraft:fall_one_cm":70872},"minecraft:mined":{"minecraft:nether_gold_ore":1,"minecraft:brewing_stand":3,"minecraft:lever":1,"minecraft:grass_block":45,"minecraft:soul_soil":9,"minecraft:hopper":6,"minecraft:oak_trapdoor":10,"minecraft:glowstone":1,"minecraft:carrots":16,"minecraft:cobbled_deepslate":17,"minecraft:iron_ore":1,"minecraft:fire":5,"minecraft:andesite":8,"minecraft:nether_brick_fence":1,"minecraft:bookshelf":5,"minecraft:potatoes":2,"minecraft:stone":32,"minecraft:tripwire":4,"minecraft:soul_sand":10,"minecraft:chest":11,"minecraft:tall_grass":5,"minecraft:nether_quartz_ore":1,"minecraft:cobblestone":1,"minecraft:oak_planks":11,"minecraft:wall_torch":4,"minecraft:diorite":5,"minecraft:grass":65,"minecraft:oak_log":1,"minecraft:gravel":12,"minecraft:dirt":76,"minecraft:tripwire_hook":2,"minecraft:netherrack":286,"minecraft:fern":5,"minecraft:oak_leaves":2},"minecraft:dropped":{"minecraft:bread":58,"minecraft:iron_sword":1,"minecraft:wheat_seeds":11,"minecraft:crafting_table":1,"minecraft:diamond_leggings":2,"minecraft:cookie":3,"minecraft:feather":1,"minecraft:cobblestone":16,"minecraft:book":2,"minecraft:leather":6,"minecraft:apple":64,"minecraft:diamond_helmet":3,"minecraft:iron_pickaxe":2,"minecraft:string":83,"minecraft:gravel":4,"minecraft:raw_iron":1,"minecraft:rotten_flesh":19,"minecraft:oak_planks":55,"minecraft:glowstone_dust":1,"minecraft:cooked_mutton":3,"minecraft:carrot":11,"minecraft:shears":1,"minecraft:diamond_sword":3,"minecraft:potato":7,"minecraft:shield":1,"minecraft:diamond_chestplate":2,"minecraft:spruce_planks":64,"minecraft:diamond_pickaxe":2,"minecraft:spider_eye":4,"minecraft:diamond_boots":2,"minecraft:bow":3},"minecraft:killed_by":{"minecraft:player":3,"minecraft:zombie":1},"minecraft:killed":{"minecraft:spider":2,"minecraft:skeleton":2,"minecraft:chicken":1,"minecraft:drowned":1,"minecraft:iron_golem":1,"minecraft:hoglin":1,"minecraft:creeper":1,"minecraft:zombie":2,"minecraft:blaze":7,"minecraft:cow":1},"minecraft:picked_up":{"minecraft:crafting_table":1,"minecraft:nether_brick_fence":1,"minecraft:diamond_sword":5,"minecraft:brewing_stand":3,"minecraft:oak_trapdoor":8,"minecraft:string":369,"minecraft:soul_soil":9,"minecraft:diamond_leggings":4,"minecraft:gold_nugget":5,"minecraft:cobbled_deepslate":138,"minecraft:spruce_planks":64,"minecraft:beef":2,"minecraft:ender_eye":2,"minecraft:poppy":3,"minecraft:iron_pickaxe":2,"minecraft:chest":19,"minecraft:birch_sapling":1,"minecraft:egg":1,"minecraft:raw_iron":1,"minecraft:torch":7,"minecraft:porkchop":2,"minecraft:cookie":3,"minecraft:diorite":14,"minecraft:carrot":29,"minecraft:rotten_flesh":21,"minecraft:arrow":6,"minecraft:diamond_chestplate":4,"minecraft:shears":4,"minecraft:diamond_boots":4,"minecraft:blaze_rod":9,"minecraft:obsidian":14,"minecraft:cobblestone":76,"minecraft:feather":2,"minecraft:water_bucket":2,"minecraft:tripwire_hook":4,"minecraft:andesite":15,"minecraft:leather":7,"minecraft:potato":13,"minecraft:flint":2,"minecraft:oak_log":1,"minecraft:dirt":157,"minecraft:bone":9,"minecraft:chipped_anvil":1,"minecraft:apple":64,"minecraft:bow":3,"minecraft:wheat_seeds":13,"minecraft:iron_ingot":14,"minecraft:glowstone_dust":3,"minecraft:diamond_helmet":5,"minecraft:oak_planks":66,"minecraft:iron_sword":1,"minecraft:soul_sand":9,"minecraft:book":17,"minecraft:cooked_porkchop":6,"minecraft:sweet_berries":10,"minecraft:quartz":1,"minecraft:gravel":10,"minecraft:spider_eye":5,"minecraft:diamond":47,"minecraft:stone_axe":2,"minecraft:lever":2,"minecraft:gray_wool":3,"minecraft:emerald":22,"minecraft:bread":89,"minecraft:netherrack":283,"minecraft:hopper":8,"minecraft:ender_pearl":1,"minecraft:diamond_pickaxe":3}},"DataVersion":3465}