{"stats":{"minecraft:used":{"minecraft:oak_trapdoor":10,"minecraft:water_bucket":8,"minecraft:diamond_boots":1,"minecraft:chest":17,"minecraft:rotten_flesh":1,"minecraft:dirt":95,"minecraft:anvil":1,"minecraft:hopper":8,"minecraft:carrot":9,"minecraft:diamond_helmet":1,"minecraft:shears":5,"minecraft:lever":2,"minecraft:diamond_pickaxe":73,"minecraft:bookshelf":5,"minecraft:birch_sapling":1,"minecraft:bread":25,"minecraft:string":14,"minecraft:stone_axe":17,"minecraft:diamond_chestplate":3,"minecraft:tripwire_hook":4,"minecraft:diamond_sword":38,"minecraft:beef":2,"minecraft:cobblestone":5,"minecraft:cooked_porkchop":1,"minecraft:andesite":1,"minecraft:bucket":7,"minecraft:egg":1,"minecraft:cobbled_deepslate":34,"minecraft:diamond_leggings":3},"minecraft:crafted":{"minecraft:diamond_sword":1,"minecraft:emerald":86,"minecraft:stone_axe":1,"minecraft:bookshelf":5,"minecraft:enchanted_book":12,"minecraft:diamond_helmet":1,"minecraft:diamond_leggings":1,"minecraft:diamond_pickaxe":1,"minecraft:stick":4,"minecraft:iron_block":3,"minecraft:diamond_boots":1,"minecraft:anvil":1,"minecraft:diamond_chestplate":1},"minecraft:custom":{"minecraft:interact_with_furnace":3,"minecraft:mob_kills":7,"minecraft:interact_with_anvil":5,"minecraft:inspect_hopper":3,"minecraft:traded_with_villager":103,"minecraft:interact_with_crafting_table":8,"minecraft:leave_game":5,"minecraft:time_since_death":628,"minecraft:sleep_in_bed":10,"minecraft:climb_one_cm":6174,"minecraft:time_since_rest":663,"minecraft:sprint_one_cm":145800,"minecraft:damage_taken":2713,"minecraft:walk_one_cm":88105,"minecraft:drop":25,"minecraft:damage_dealt":1931,"minecraft:swim_one_cm":26416,"minecraft:talked_to_villager":39,"minecraft:fly_one_cm":333610,"minecraft:open_chest":131,"minecraft:crouch_one_cm":12781,"minecraft:play_time":62199,"minecraft:deaths":5,"minecraft:sneak_time":4749,"minecraft:walk_under_water_one_cm":5163,"minecraft:jump":1582,"minecraft:walk_on_water_one_cm":15104,"minecraft:total_world_time":62199,"minecraft:fall_one_cm":39667},"minecraft:mined":{"minecraft:lever":1,"minecraft:grass_block":44,"minecraft:chest":11,"minecraft:tall_grass":2,"minecraft:cobblestone":1,"minecraft:oak_planks":2,"minecraft:hopper":6,"minecraft:diorite":5,"minecraft:oak_trapdoor":10,"minecraft:carrots":6,"minecraft:iron_ore":1,"minecraft:cobbled_deepslate":17,"minecraft:andesite":8,"minecraft:potatoes":1,"minecraft:grass":57,"minecraft:bookshelf":5,"minecraft:dirt":75,"minecraft:tripwire_hook":2,"minecraft:stone":32,"minecraft:oak_leaves":2,"minecraft:tripwire":2,"minecraft:fern":5},"minecraft:dropped":{"minecraft:wheat_seeds":9,"minecraft:diamond_leggings":1,"minecraft:rotten_flesh":8,"minecraft:shears":1,"minecraft:diamond_sword":1,"minecraft:diamond_chestplate":1,"minecraft:diamond_pickaxe":1,"minecraft:diamond_helmet":1,"minecraft:diamond_boots":1,"minecraft:bow":1,"minecraft:string":17},"minecraft:killed_by":{"minecraft:player":3},"minecraft:killed":{"minecraft:spider":2,"minecraft:creeper":1,"minecraft:zombie":1,"minecraft:chicken":1,"minecraft:drowned":1,"minecraft:cow":1},"minecraft:picked_up":{"minecraft:feather":1,"minecraft:tripwire_hook":4,"minecraft:water_bucket":1,"minecraft:andesite":15,"minecraft:diamond_sword":2,"minecraft:potato":5,"minecraft:string":270,"minecraft:dirt":155,"minecraft:oak_trapdoor":8,"minecraft:bow":1,"minecraft:diamond_leggings":2,"minecraft:wheat_seeds":11,"minecraft:cobbled_deepslate":138,"minecraft:beef":2,"minecraft:diamond_helmet":2,"minecraft:chest":19,"minecraft:birch_sapling":1,"minecraft:oak_planks":7,"minecraft:egg":1,"minecraft:book":15,"minecraft:cooked_porkchop":5,"minecraft:diorite":14,"minecraft:carrot":8,"minecraft:spider_eye":1,"minecraft:diamond_chestplate":2,"minecraft:rotten_flesh":9,"minecraft:diamond":47,"minecraft:stone_axe":1,"minecraft:lever":2,"minecraft:shears":3,"minecraft:diamond_boots":2,"minecraft:bread":31,"minecraft:hopper":8,"minecraft:cobblestone":56,"minecraft:diamond_pickaxe":2}},"DataVersion":3465}