{"stats":{"minecraft:custom":{"minecraft:jump":171,"minecraft:time_since_rest":1298,"minecraft:walk_on_water_one_cm":370,"minecraft:deaths":1,"minecraft:leave_game":4,"minecraft:play_time":4151,"minecraft:sprint_one_cm":16605,"minecraft:damage_taken":340,"minecraft:time_since_death":1275,"minecraft:walk_one_cm":4301,"minecraft:total_world_time":4151,"minecraft:fall_one_cm":10301,"minecraft:fly_one_cm":27496},"minecraft:mined":{"minecraft:grass":5},"minecraft:picked_up":{"minecraft:wheat_seeds":2,"minecraft:oak_planks":3}},"DataVersion":3465}