{"stats":{"minecraft:used":{"minecraft:wooden_axe":37,"minecraft:wooden_pickaxe":23,"minecraft:oak_door":1,"minecraft:crafting_table":4,"minecraft:oak_sapling":1,"minecraft:furnace":1,"minecraft:cooked_porkchop":4,"minecraft:yellow_bed":3,"minecraft:oak_boat":1},"minecraft:crafted":{"minecraft:oak_boat":1,"minecraft:oak_planks":24,"minecraft:cooked_porkchop":4,"minecraft:crafting_table":1,"minecraft:stick":4,"minecraft:wooden_pickaxe":1,"minecraft:wooden_axe":1,"minecraft:oak_button":4,"minecraft:furnace":1,"minecraft:air":0},"minecraft:custom":{"minecraft:time_since_rest":2021,"minecraft:interact_with_furnace":6,"minecraft:sprint_one_cm":50205,"minecraft:damage_taken":610,"minecraft:walk_one_cm":14762,"minecraft:mob_kills":10,"minecraft:drop":3,"minecraft:damage_dealt":1534,"minecraft:talked_to_villager":1,"minecraft:interact_with_crafting_table":7,"minecraft:fly_one_cm":113044,"minecraft:open_chest":1,"minecraft:crouch_one_cm":2845,"minecraft:play_time":15604,"minecraft:deaths":1,"minecraft:sneak_time":972,"minecraft:boat_one_cm":126144,"minecraft:jump":488,"minecraft:walk_on_water_one_cm":566,"minecraft:time_since_death":3489,"minecraft:sleep_in_bed":2,"minecraft:total_world_time":15604,"minecraft:fall_one_cm":11164},"minecraft:mined":{"minecraft:furnace":1,"minecraft:brewing_stand":1,"minecraft:yellow_bed":4,"minecraft:crafting_table":3,"minecraft:grass":26,"minecraft:coal_ore":1,"minecraft:oak_log":6,"minecraft:dirt_path":1,"minecraft:cobblestone":15,"minecraft:sugar_cane":17},"minecraft:dropped":{"minecraft:wheat_seeds":1,"minecraft:oak_button":4,"minecraft:oak_log":5},"minecraft:killed_by":{"minecraft:skeleton":1},"minecraft:killed":{"minecraft:zombie":2,"minecraft:pig":5,"minecraft:spider":1,"minecraft:villager":2},"minecraft:picked_up":{"minecraft:wooden_axe":1,"minecraft:crafting_table":3,"minecraft:oak_door":1,"minecraft:wooden_pickaxe":2,"minecraft:porkchop":19,"minecraft:oak_log":12,"minecraft:brewing_stand":2,"minecraft:yellow_bed":4,"minecraft:rotten_flesh":3,"minecraft:wheat_seeds":2,"minecraft:oak_sapling":1,"minecraft:sugar_cane":54,"minecraft:coal":1,"minecraft:cobblestone":22,"minecraft:furnace":2}},"DataVersion":3465}