{"stats":{"minecraft:used":{"minecraft:oak_trapdoor":10,"minecraft:chest":17,"minecraft:iron_sword":1,"minecraft:rotten_flesh":1,"minecraft:netherrack":89,"minecraft:brewing_stand":4,"minecraft:dirt":95,"minecraft:soul_sand":9,"minecraft:anvil":1,"minecraft:hopper":8,"minecraft:carrot":19,"minecraft:diamond_helmet":2,"minecraft:obsidian":12,"minecraft:bookshelf":5,"minecraft:birch_sapling":1,"minecraft:glowstone":5,"minecraft:diamond_chestplate":4,"minecraft:tripwire_hook":4,"minecraft:beef":2,"minecraft:soul_soil":9,"minecraft:egg":1,"minecraft:potato":1,"minecraft:cobbled_deepslate":34,"minecraft:water_bucket":8,"minecraft:diamond_boots":2,"minecraft:oak_planks":2,"minecraft:shears":6,"minecraft:lever":2,"minecraft:diamond_pickaxe":363,"minecraft:bread":51,"minecraft:string":15,"minecraft:gravel":6,"minecraft:stone_axe":35,"minecraft:diamond_sword":80,"minecraft:cobblestone":7,"minecraft:cooked_porkchop":2,"minecraft:bucket":7,"minecraft:andesite":1,"minecraft:diamond_leggings":4},"minecraft:crafted":{"minecraft:redstone":24,"minecraft:bookshelf":5,"minecraft:diamond_helmet":1,"minecraft:diamond_leggings":1,"minecraft:diamond_boots":1,"minecraft:diamond_sword":1,"minecraft:emerald":146,"minecraft:brewing_stand":1,"minecraft:glowstone":5,"minecraft:stone_axe":1,"minecraft:enchanted_book":12,"minecraft:air":0,"minecraft:bread":96,"minecraft:diamond_pickaxe":1,"minecraft:stick":4,"minecraft:iron_block":3,"minecraft:anvil":1,"minecraft:lapis_lazuli":12,"minecraft:diamond_chestplate":1},"minecraft:custom":{"minecraft:interact_with_anvil":5,"minecraft:mob_kills":17,"minecraft:inspect_hopper":4,"minecraft:interact_with_crafting_table":9,"minecraft:leave_game":5,"minecraft:time_since_death":35615,"minecraft:climb_one_cm":9447,"minecraft:sprint_one_cm":270706,"minecraft:walk_one_cm":156671,"minecraft:drop":44,"minecraft:talked_to_villager":64,"minecraft:play_time":98199,"minecraft:deaths":6,"minecraft:sneak_time":6499,"minecraft:walk_under_water_one_cm":5384,"minecraft:jump":2431,"minecraft:walk_on_water_one_cm":18865,"minecraft:total_world_time":98199,"minecraft:interact_with_furnace":4,"minecraft:traded_with_villager":208,"minecraft:sleep_in_bed":13,"minecraft:time_since_rest":2980,"minecraft:damage_taken":4062,"minecraft:damage_dealt":4192,"minecraft:swim_one_cm":26416,"minecraft:fly_one_cm":462588,"minecraft:open_chest":172,"minecraft:crouch_one_cm":19046,"minecraft:fall_one_cm":56780},"minecraft:mined":{"minecraft:nether_gold_ore":1,"minecraft:brewing_stand":3,"minecraft:lever":1,"minecraft:grass_block":44,"minecraft:soul_soil":9,"minecraft:hopper":6,"minecraft:oak_trapdoor":10,"minecraft:carrots":16,"minecraft:cobbled_deepslate":17,"minecraft:iron_ore":1,"minecraft:fire":5,"minecraft:andesite":8,"minecraft:nether_brick_fence":1,"minecraft:bookshelf":5,"minecraft:potatoes":2,"minecraft:stone":32,"minecraft:tripwire":4,"minecraft:soul_sand":10,"minecraft:chest":11,"minecraft:tall_grass":2,"minecraft:nether_quartz_ore":1,"minecraft:cobblestone":1,"minecraft:oak_planks":5,"minecraft:wall_torch":4,"minecraft:diorite":5,"minecraft:grass":57,"minecraft:gravel":12,"minecraft:dirt":75,"minecraft:tripwire_hook":2,"minecraft:netherrack":284,"minecraft:fern":5,"minecraft:oak_leaves":2},"minecraft:dropped":{"minecraft:iron_sword":1,"minecraft:wheat_seeds":11,"minecraft:diamond_leggings":1,"minecraft:feather":1,"minecraft:diamond_helmet":1,"minecraft:iron_pickaxe":2,"minecraft:string":63,"minecraft:gravel":4,"minecraft:rotten_flesh":19,"minecraft:oak_planks":2,"minecraft:shears":1,"minecraft:diamond_sword":1,"minecraft:potato":7,"minecraft:diamond_chestplate":1,"minecraft:diamond_pickaxe":1,"minecraft:spider_eye":4,"minecraft:diamond_boots":1,"minecraft:bow":2},"minecraft:killed_by":{"minecraft:player":3,"minecraft:zombie":1},"minecraft:killed":{"minecraft:spider":2,"minecraft:skeleton":2,"minecraft:chicken":1,"minecraft:drowned":1,"minecraft:hoglin":1,"minecraft:creeper":1,"minecraft:zombie":1,"minecraft:blaze":7,"minecraft:cow":1},"minecraft:picked_up":{"minecraft:nether_brick_fence":1,"minecraft:diamond_sword":3,"minecraft:brewing_stand":3,"minecraft:oak_trapdoor":8,"minecraft:string":283,"minecraft:soul_soil":9,"minecraft:diamond_leggings":3,"minecraft:gold_nugget":5,"minecraft:cobbled_deepslate":138,"minecraft:beef":2,"minecraft:iron_pickaxe":2,"minecraft:chest":19,"minecraft:birch_sapling":1,"minecraft:egg":1,"minecraft:torch":4,"minecraft:porkchop":2,"minecraft:diorite":14,"minecraft:carrot":18,"minecraft:rotten_flesh":21,"minecraft:arrow":1,"minecraft:diamond_chestplate":3,"minecraft:shears":4,"minecraft:diamond_boots":3,"minecraft:blaze_rod":1,"minecraft:obsidian":14,"minecraft:cobblestone":60,"minecraft:feather":2,"minecraft:water_bucket":1,"minecraft:tripwire_hook":4,"minecraft:andesite":15,"minecraft:leather":1,"minecraft:potato":13,"minecraft:flint":2,"minecraft:dirt":155,"minecraft:bone":9,"minecraft:bow":2,"minecraft:wheat_seeds":13,"minecraft:iron_ingot":2,"minecraft:diamond_helmet":3,"minecraft:oak_planks":11,"minecraft:iron_sword":1,"minecraft:soul_sand":9,"minecraft:book":15,"minecraft:cooked_porkchop":6,"minecraft:quartz":1,"minecraft:gravel":10,"minecraft:spider_eye":5,"minecraft:diamond":47,"minecraft:stone_axe":2,"minecraft:lever":2,"minecraft:bread":31,"minecraft:netherrack":283,"minecraft:hopper":8,"minecraft:diamond_pickaxe":3}},"DataVersion":3465}