{"stats":{"minecraft:used":{"minecraft:stone_pickaxe":26,"minecraft:wooden_pickaxe":27,"minecraft:oak_door":1,"minecraft:crafting_table":7,"minecraft:dripstone_block":3,"minecraft:wooden_axe":39,"minecraft:iron_pickaxe":11,"minecraft:gravel":8,"minecraft:stone_axe":8,"minecraft:cobblestone":1,"minecraft:furnace":2,"minecraft:oak_sapling":1,"minecraft:cooked_porkchop":4,"minecraft:porkchop":3,"minecraft:andesite":1,"minecraft:yellow_bed":3,"minecraft:oak_boat":1},"minecraft:crafted":{"minecraft:oak_planks":48,"minecraft:cooked_porkchop":4,"minecraft:crafting_table":2,"minecraft:wooden_pickaxe":2,"minecraft:furnace":2,"minecraft:stone_axe":2,"minecraft:air":0,"minecraft:oak_boat":1,"minecraft:stick":16,"minecraft:iron_ingot":3,"minecraft:iron_pickaxe":1,"minecraft:stone_pickaxe":1,"minecraft:wooden_axe":2,"minecraft:oak_button":4},"minecraft:custom":{"minecraft:interact_with_furnace":9,"minecraft:mob_kills":13,"minecraft:interact_with_crafting_table":16,"minecraft:leave_game":2,"minecraft:time_since_death":1393,"minecraft:sleep_in_bed":2,"minecraft:time_since_rest":1419,"minecraft:sprint_one_cm":87561,"minecraft:damage_taken":1610,"minecraft:walk_one_cm":40768,"minecraft:drop":4,"minecraft:damage_dealt":2018,"minecraft:swim_one_cm":10384,"minecraft:talked_to_villager":1,"minecraft:fly_one_cm":202646,"minecraft:open_chest":3,"minecraft:crouch_one_cm":5436,"minecraft:play_time":30267,"minecraft:deaths":5,"minecraft:sneak_time":2013,"minecraft:walk_under_water_one_cm":4275,"minecraft:boat_one_cm":190858,"minecraft:jump":918,"minecraft:walk_on_water_one_cm":2734,"minecraft:total_world_time":30267,"minecraft:fall_one_cm":29817},"minecraft:mined":{"minecraft:deepslate_diamond_ore":1,"minecraft:brewing_stand":1,"minecraft:crafting_table":5,"minecraft:cobblestone":15,"minecraft:sugar_cane":17,"minecraft:furnace":1,"minecraft:iron_ore":9,"minecraft:andesite":1,"minecraft:yellow_bed":4,"minecraft:grass":45,"minecraft:oak_log":12,"minecraft:coal_ore":1,"minecraft:dirt_path":1,"minecraft:gravel":4,"minecraft:dripstone_block":1,"minecraft:stone":29},"minecraft:dropped":{"minecraft:wheat_seeds":2,"minecraft:oak_log":5,"minecraft:oak_button":4},"minecraft:killed_by":{"minecraft:skeleton":1,"minecraft:drowned":1},"minecraft:killed":{"minecraft:pig":5,"minecraft:spider":2,"minecraft:creeper":1,"minecraft:zombie":3,"minecraft:villager":2},"minecraft:picked_up":{"minecraft:wooden_axe":1,"minecraft:crafting_table":5,"minecraft:andesite":1,"minecraft:wooden_pickaxe":2,"minecraft:flint":1,"minecraft:oak_log":18,"minecraft:brewing_stand":2,"minecraft:yellow_bed":4,"minecraft:gunpowder":2,"minecraft:string":2,"minecraft:wheat_seeds":3,"minecraft:sugar_cane":54,"minecraft:furnace":2,"minecraft:raw_iron":9,"minecraft:oak_door":1,"minecraft:dripstone_block":3,"minecraft:gravel":8,"minecraft:porkchop":19,"minecraft:pointed_dripstone":4,"minecraft:spider_eye":1,"minecraft:arrow":2,"minecraft:rotten_flesh":4,"minecraft:diamond":1,"minecraft:oak_sapling":1,"minecraft:coal":1,"minecraft:cobblestone":51}},"DataVersion":3465}