{"stats":{"minecraft:used":{"minecraft:diamond_boots":1,"minecraft:bookshelf":2,"minecraft:bread":5,"minecraft:diamond_chestplate":1,"minecraft:diamond_helmet":1,"minecraft:diamond_leggings":1},"minecraft:crafted":{"minecraft:diamond_sword":1,"minecraft:diamond_helmet":1,"minecraft:diamond_leggings":1,"minecraft:diamond_pickaxe":1,"minecraft:stick":4,"minecraft:diamond_boots":1,"minecraft:enchanted_book":6,"minecraft:bookshelf":2,"minecraft:diamond_chestplate":1},"minecraft:custom":{"minecraft:time_since_rest":48,"minecraft:sprint_one_cm":47280,"minecraft:damage_taken":455,"minecraft:walk_one_cm":15670,"minecraft:interact_with_anvil":2,"minecraft:drop":18,"minecraft:traded_with_villager":8,"minecraft:talked_to_villager":22,"minecraft:swim_one_cm":3419,"minecraft:interact_with_crafting_table":3,"minecraft:fly_one_cm":82992,"minecraft:open_chest":25,"minecraft:play_time":14199,"minecraft:deaths":1,"minecraft:sneak_time":1,"minecraft:walk_under_water_one_cm":790,"minecraft:jump":393,"minecraft:leave_game":5,"minecraft:time_since_death":11323,"minecraft:walk_on_water_one_cm":4550,"minecraft:sleep_in_bed":4,"minecraft:climb_one_cm":2128,"minecraft:total_world_time":14199,"minecraft:fall_one_cm":14301},"minecraft:mined":{"minecraft:grass":34,"minecraft:bookshelf":2,"minecraft:oak_leaves":2,"minecraft:fern":5},"minecraft:dropped":{"minecraft:diamond_sword":1,"minecraft:wheat_seeds":8,"minecraft:diamond_chestplate":1,"minecraft:diamond_pickaxe":1,"minecraft:diamond_leggings":1,"minecraft:diamond_helmet":1,"minecraft:rotten_flesh":5,"minecraft:diamond_boots":1,"minecraft:bow":1},"minecraft:picked_up":{"minecraft:book":6,"minecraft:diamond_sword":1,"minecraft:string":239,"minecraft:rotten_flesh":5,"minecraft:diamond_chestplate":1,"minecraft:diamond":47,"minecraft:bow":1,"minecraft:wheat_seeds":8,"minecraft:diamond_leggings":1,"minecraft:diamond_boots":1,"minecraft:bread":9,"minecraft:diamond_helmet":1,"minecraft:oak_planks":3,"minecraft:diamond_pickaxe":1}},"DataVersion":3465}