{"stats":{"minecraft:used":{"minecraft:diamond_boots":1,"minecraft:stone_pickaxe":28,"minecraft:wooden_pickaxe":30,"minecraft:iron_sword":127,"minecraft:netherrack":77,"minecraft:dirt":5,"minecraft:crafting_table":2,"minecraft:diamond_helmet":1,"minecraft:iron_hoe":1,"minecraft:spruce_log":1,"minecraft:bookshelf":3,"minecraft:string":3,"minecraft:bread":52,"minecraft:iron_pickaxe":18,"minecraft:iron_axe":20,"minecraft:diamond_chestplate":1,"minecraft:diamond_sword":6,"minecraft:stone_axe":35,"minecraft:sweet_berries":20,"minecraft:diamond_leggings":1,"minecraft:egg":1,"minecraft:cobbled_deepslate":4},"minecraft:crafted":{"minecraft:oak_planks":24,"minecraft:emerald":243,"minecraft:crafting_table":2,"minecraft:spruce_planks":56,"minecraft:wooden_pickaxe":2,"minecraft:iron_sword":1,"minecraft:stone_axe":1,"minecraft:bookshelf":3,"minecraft:enchanted_book":1,"minecraft:bread":72,"minecraft:air":0,"minecraft:diamond_helmet":1,"minecraft:diamond_leggings":1,"minecraft:iron_axe":1,"minecraft:stick":16,"minecraft:stone_pickaxe":1,"minecraft:diamond_boots":1,"minecraft:diamond_chestplate":1},"minecraft:custom":{"minecraft:interact_with_furnace":5,"minecraft:mob_kills":12,"minecraft:traded_with_villager":264,"minecraft:interact_with_crafting_table":7,"minecraft:open_barrel":7,"minecraft:interact_with_grindstone":5,"minecraft:leave_game":14,"minecraft:time_since_death":2622,"minecraft:sleep_in_bed":5,"minecraft:climb_one_cm":24373,"minecraft:time_since_rest":2653,"minecraft:sprint_one_cm":359519,"minecraft:damage_taken":7183,"minecraft:walk_one_cm":131492,"minecraft:drop":55,"minecraft:damage_dealt":3114,"minecraft:swim_one_cm":33498,"minecraft:talked_to_villager":120,"minecraft:fly_one_cm":637373,"minecraft:open_chest":79,"minecraft:crouch_one_cm":5531,"minecraft:play_time":87278,"minecraft:sneak_time":2418,"minecraft:deaths":20,"minecraft:walk_under_water_one_cm":4990,"minecraft:jump":2807,"minecraft:walk_on_water_one_cm":23276,"minecraft:total_world_time":87278,"minecraft:fall_one_cm":63115},"minecraft:mined":{"minecraft:white_bed":1,"minecraft:crafting_table":2,"minecraft:grass_block":6,"minecraft:spruce_leaves":12,"minecraft:oak_planks":2,"minecraft:sugar_cane":6,"minecraft:large_fern":1,"minecraft:iron_ore":1,"minecraft:cobbled_deepslate":3,"minecraft:sweet_berry_bush":42,"minecraft:spruce_log":36,"minecraft:grass":12,"minecraft:bookshelf":3,"minecraft:coal_ore":17,"minecraft:oak_log":12,"minecraft:dirt":10,"minecraft:stone":30,"minecraft:netherrack":11,"minecraft:fern":1,"minecraft:oak_leaves":6,"minecraft:tripwire":3},"minecraft:dropped":{"minecraft:water_bucket":1,"minecraft:enchanted_book":3,"minecraft:iron_ingot":8,"minecraft:bread":90,"minecraft:furnace":1,"minecraft:iron_sword":1,"minecraft:stone_axe":1,"minecraft:cooked_beef":7,"minecraft:crafting_table":2,"minecraft:diamond_leggings":1,"minecraft:rotten_flesh":5,"minecraft:cobblestone":24,"minecraft:book":9,"minecraft:oak_planks":32,"minecraft:glowstone_dust":5,"minecraft:cooked_mutton":3,"minecraft:coal":51,"minecraft:emerald":128,"minecraft:stick":26,"minecraft:diamond_sword":1,"minecraft:poppy":8,"minecraft:dirt":1,"minecraft:shield":2,"minecraft:diamond_chestplate":1,"minecraft:diamond_helmet":1,"minecraft:diamond_boots":1,"minecraft:bow":1,"minecraft:arrow":7,"minecraft:chipped_anvil":2,"minecraft:iron_pickaxe":1,"minecraft:chainmail_leggings":1,"minecraft:string":312,"minecraft:white_wool":5,"minecraft:netherrack":117},"minecraft:killed_by":{"minecraft:player":19,"minecraft:skeleton":1},"minecraft:killed":{"minecraft:pig":1,"minecraft:iron_golem":1,"minecraft:sheep":2,"minecraft:skeleton":1,"minecraft:zombie":4,"minecraft:cow":3},"minecraft:picked_up":{"minecraft:crafting_table":4,"minecraft:cooked_beef":7,"minecraft:water_bucket":1,"minecraft:leather":6,"minecraft:diamond_sword":1,"minecraft:enchanted_book":4,"minecraft:oak_log":12,"minecraft:shield":3,"minecraft:string":1400,"minecraft:dirt":14,"minecraft:iron_axe":1,"minecraft:cooked_mutton":3,"minecraft:iron_shovel":1,"minecraft:bone":3,"minecraft:chipped_anvil":2,"minecraft:bow":1,"minecraft:diamond_leggings":2,"minecraft:wheat_seeds":2,"minecraft:cobbled_deepslate":31,"minecraft:iron_ingot":12,"minecraft:beef":6,"minecraft:poppy":10,"minecraft:iron_pickaxe":2,"minecraft:diamond_helmet":2,"minecraft:glowstone_dust":7,"minecraft:sugar_cane":12,"minecraft:iron_sword":2,"minecraft:oak_planks":32,"minecraft:furnace":1,"minecraft:egg":1,"minecraft:book":26,"minecraft:raw_iron":1,"minecraft:stick":25,"minecraft:sweet_berries":94,"minecraft:torch":2,"minecraft:porkchop":3,"minecraft:spruce_sapling":4,"minecraft:spruce_log":34,"minecraft:iron_hoe":1,"minecraft:arrow":7,"minecraft:rotten_flesh":5,"minecraft:diamond_chestplate":2,"minecraft:stone_axe":1,"minecraft:chainmail_leggings":1,"minecraft:diamond_boots":2,"minecraft:obsidian":2,"minecraft:bread":112,"minecraft:emerald":164,"minecraft:netherrack":215,"minecraft:mutton":3,"minecraft:coal":82,"minecraft:white_wool":7,"minecraft:cobblestone":55}},"DataVersion":3465}