{"stats":{"minecraft:used":{"minecraft:stone_pickaxe":28,"minecraft:wooden_pickaxe":30,"minecraft:iron_sword":63,"minecraft:netherrack":11,"minecraft:dirt":5,"minecraft:crafting_table":2,"minecraft:spruce_log":1,"minecraft:iron_pickaxe":7,"minecraft:bread":29,"minecraft:string":2,"minecraft:stone_axe":35,"minecraft:diamond_sword":6,"minecraft:sweet_berries":20,"minecraft:egg":1,"minecraft:cobbled_deepslate":4},"minecraft:crafted":{"minecraft:oak_planks":24,"minecraft:emerald":165,"minecraft:crafting_table":2,"minecraft:spruce_planks":56,"minecraft:wooden_pickaxe":2,"minecraft:iron_sword":1,"minecraft:stone_axe":1,"minecraft:bread":72,"minecraft:air":0,"minecraft:diamond_helmet":1,"minecraft:diamond_leggings":1,"minecraft:stick":16,"minecraft:stone_pickaxe":1,"minecraft:diamond_boots":1,"minecraft:diamond_chestplate":1},"minecraft:custom":{"minecraft:interact_with_furnace":2,"minecraft:mob_kills":12,"minecraft:traded_with_villager":181,"minecraft:interact_with_crafting_table":6,"minecraft:open_barrel":7,"minecraft:leave_game":11,"minecraft:time_since_death":23627,"minecraft:sleep_in_bed":3,"minecraft:climb_one_cm":17163,"minecraft:time_since_rest":23651,"minecraft:sprint_one_cm":249272,"minecraft:damage_taken":6002,"minecraft:walk_one_cm":85043,"minecraft:drop":54,"minecraft:damage_dealt":2380,"minecraft:swim_one_cm":30477,"minecraft:talked_to_villager":53,"minecraft:fly_one_cm":465523,"minecraft:open_chest":46,"minecraft:crouch_one_cm":4457,"minecraft:play_time":56333,"minecraft:deaths":19,"minecraft:sneak_time":1690,"minecraft:walk_under_water_one_cm":3370,"minecraft:jump":2068,"minecraft:walk_on_water_one_cm":16264,"minecraft:total_world_time":56333,"minecraft:fall_one_cm":50548},"minecraft:mined":{"minecraft:crafting_table":2,"minecraft:grass_block":6,"minecraft:spruce_leaves":12,"minecraft:oak_planks":2,"minecraft:sugar_cane":5,"minecraft:large_fern":1,"minecraft:cobbled_deepslate":3,"minecraft:iron_ore":1,"minecraft:sweet_berry_bush":42,"minecraft:spruce_log":36,"minecraft:grass":10,"minecraft:coal_ore":17,"minecraft:oak_log":12,"minecraft:dirt":6,"minecraft:stone":30,"minecraft:fern":1,"minecraft:oak_leaves":6,"minecraft:tripwire":2},"minecraft:dropped":{"minecraft:enchanted_book":3,"minecraft:water_bucket":1,"minecraft:iron_ingot":8,"minecraft:bread":90,"minecraft:furnace":1,"minecraft:iron_sword":1,"minecraft:stone_axe":1,"minecraft:cooked_beef":7,"minecraft:crafting_table":2,"minecraft:diamond_leggings":1,"minecraft:rotten_flesh":5,"minecraft:cobblestone":24,"minecraft:book":9,"minecraft:oak_planks":32,"minecraft:glowstone_dust":5,"minecraft:cooked_mutton":3,"minecraft:coal":51,"minecraft:emerald":128,"minecraft:stick":26,"minecraft:diamond_sword":1,"minecraft:poppy":7,"minecraft:dirt":1,"minecraft:shield":2,"minecraft:diamond_chestplate":1,"minecraft:diamond_helmet":1,"minecraft:diamond_boots":1,"minecraft:bow":1,"minecraft:arrow":7,"minecraft:iron_pickaxe":1,"minecraft:chipped_anvil":2,"minecraft:chainmail_leggings":1,"minecraft:string":312,"minecraft:white_wool":5,"minecraft:netherrack":117},"minecraft:killed_by":{"minecraft:player":18,"minecraft:skeleton":1},"minecraft:killed":{"minecraft:pig":1,"minecraft:iron_golem":1,"minecraft:skeleton":1,"minecraft:sheep":2,"minecraft:zombie":4,"minecraft:cow":3},"minecraft:picked_up":{"minecraft:crafting_table":4,"minecraft:cooked_beef":7,"minecraft:water_bucket":1,"minecraft:leather":6,"minecraft:diamond_sword":1,"minecraft:enchanted_book":3,"minecraft:oak_log":12,"minecraft:shield":3,"minecraft:dirt":12,"minecraft:string":904,"minecraft:cooked_mutton":3,"minecraft:chipped_anvil":2,"minecraft:bow":1,"minecraft:wheat_seeds":1,"minecraft:diamond_leggings":1,"minecraft:cobbled_deepslate":31,"minecraft:iron_ingot":11,"minecraft:beef":6,"minecraft:poppy":10,"minecraft:iron_pickaxe":1,"minecraft:diamond_helmet":1,"minecraft:glowstone_dust":7,"minecraft:sugar_cane":11,"minecraft:iron_sword":1,"minecraft:oak_planks":32,"minecraft:furnace":1,"minecraft:egg":1,"minecraft:book":9,"minecraft:stick":25,"minecraft:raw_iron":1,"minecraft:sweet_berries":94,"minecraft:torch":2,"minecraft:porkchop":3,"minecraft:spruce_sapling":4,"minecraft:spruce_log":34,"minecraft:rotten_flesh":5,"minecraft:arrow":7,"minecraft:diamond_chestplate":1,"minecraft:stone_axe":1,"minecraft:chainmail_leggings":1,"minecraft:diamond_boots":1,"minecraft:bread":90,"minecraft:emerald":164,"minecraft:netherrack":117,"minecraft:mutton":3,"minecraft:coal":68,"minecraft:white_wool":7,"minecraft:cobblestone":55}},"DataVersion":3465}