{"stats":{"minecraft:used":{"minecraft:stone_pickaxe":28,"minecraft:wooden_pickaxe":30,"minecraft:netherrack":11,"minecraft:stone_axe":32,"minecraft:dirt":5,"minecraft:sweet_berries":20,"minecraft:crafting_table":2,"minecraft:egg":1,"minecraft:cobbled_deepslate":1,"minecraft:spruce_log":1},"minecraft:crafted":{"minecraft:oak_planks":24,"minecraft:emerald":31,"minecraft:crafting_table":2,"minecraft:spruce_planks":56,"minecraft:stick":16,"minecraft:wooden_pickaxe":2,"minecraft:stone_pickaxe":1,"minecraft:air":0,"minecraft:stone_axe":1},"minecraft:custom":{"minecraft:time_since_rest":3089,"minecraft:sprint_one_cm":141556,"minecraft:damage_taken":4593,"minecraft:walk_one_cm":36140,"minecraft:mob_kills":6,"minecraft:drop":5,"minecraft:damage_dealt":888,"minecraft:traded_with_villager":31,"minecraft:talked_to_villager":6,"minecraft:swim_one_cm":30015,"minecraft:interact_with_crafting_table":4,"minecraft:fly_one_cm":278688,"minecraft:open_barrel":1,"minecraft:open_chest":15,"minecraft:crouch_one_cm":3200,"minecraft:play_time":32537,"minecraft:deaths":18,"minecraft:sneak_time":1338,"minecraft:walk_under_water_one_cm":3318,"minecraft:jump":1245,"minecraft:leave_game":10,"minecraft:time_since_death":3064,"minecraft:walk_on_water_one_cm":7721,"minecraft:sleep_in_bed":3,"minecraft:total_world_time":32537,"minecraft:climb_one_cm":10558,"minecraft:fall_one_cm":32575},"minecraft:mined":{"minecraft:large_fern":1,"minecraft:iron_ore":1,"minecraft:sweet_berry_bush":42,"minecraft:spruce_log":36,"minecraft:crafting_table":2,"minecraft:grass":4,"minecraft:grass_block":6,"minecraft:oak_log":12,"minecraft:coal_ore":17,"minecraft:dirt":6,"minecraft:oak_planks":1,"minecraft:spruce_leaves":12,"minecraft:stone":30,"minecraft:sugar_cane":5,"minecraft:oak_leaves":6,"minecraft:fern":1},"minecraft:dropped":{"minecraft:glowstone_dust":5},"minecraft:killed_by":{"minecraft:player":17,"minecraft:skeleton":1},"minecraft:killed":{"minecraft:sheep":2,"minecraft:pig":1,"minecraft:cow":3},"minecraft:picked_up":{"minecraft:crafting_table":2,"minecraft:stick":2,"minecraft:raw_iron":1,"minecraft:sweet_berries":94,"minecraft:leather":6,"minecraft:torch":2,"minecraft:porkchop":3,"minecraft:oak_log":12,"minecraft:spruce_sapling":4,"minecraft:shield":1,"minecraft:spruce_log":34,"minecraft:string":214,"minecraft:dirt":11,"minecraft:wheat_seeds":1,"minecraft:beef":6,"minecraft:poppy":2,"minecraft:glowstone_dust":7,"minecraft:sugar_cane":11,"minecraft:mutton":3,"minecraft:coal":17,"minecraft:white_wool":2,"minecraft:cobblestone":31,"minecraft:egg":1}},"DataVersion":3465}