{"stats":{"minecraft:used":{"minecraft:stone_pickaxe":28,"minecraft:wooden_pickaxe":30,"minecraft:iron_sword":2,"minecraft:netherrack":11,"minecraft:dirt":5,"minecraft:crafting_table":2,"minecraft:spruce_log":1,"minecraft:bread":12,"minecraft:string":2,"minecraft:stone_axe":35,"minecraft:diamond_sword":2,"minecraft:sweet_berries":20,"minecraft:egg":1,"minecraft:cobbled_deepslate":1},"minecraft:crafted":{"minecraft:oak_planks":24,"minecraft:emerald":112,"minecraft:crafting_table":2,"minecraft:spruce_planks":56,"minecraft:wooden_pickaxe":2,"minecraft:stone_axe":1,"minecraft:bread":72,"minecraft:air":0,"minecraft:diamond_helmet":1,"minecraft:diamond_leggings":1,"minecraft:stick":16,"minecraft:stone_pickaxe":1,"minecraft:diamond_boots":1,"minecraft:diamond_chestplate":1},"minecraft:custom":{"minecraft:mob_kills":6,"minecraft:traded_with_villager":128,"minecraft:interact_with_crafting_table":4,"minecraft:open_barrel":1,"minecraft:leave_game":11,"minecraft:time_since_death":11627,"minecraft:sleep_in_bed":3,"minecraft:climb_one_cm":14284,"minecraft:time_since_rest":11651,"minecraft:sprint_one_cm":194707,"minecraft:damage_taken":5347,"minecraft:walk_one_cm":54491,"minecraft:drop":43,"minecraft:damage_dealt":1030,"minecraft:swim_one_cm":30477,"minecraft:talked_to_villager":31,"minecraft:fly_one_cm":371600,"minecraft:open_chest":33,"minecraft:crouch_one_cm":3449,"minecraft:play_time":44333,"minecraft:deaths":19,"minecraft:sneak_time":1403,"minecraft:walk_under_water_one_cm":3370,"minecraft:jump":1638,"minecraft:walk_on_water_one_cm":14148,"minecraft:total_world_time":44333,"minecraft:fall_one_cm":40585},"minecraft:mined":{"minecraft:crafting_table":2,"minecraft:grass_block":6,"minecraft:spruce_leaves":12,"minecraft:oak_planks":2,"minecraft:sugar_cane":5,"minecraft:large_fern":1,"minecraft:iron_ore":1,"minecraft:sweet_berry_bush":42,"minecraft:spruce_log":36,"minecraft:grass":7,"minecraft:coal_ore":17,"minecraft:oak_log":12,"minecraft:dirt":6,"minecraft:stone":30,"minecraft:fern":1,"minecraft:oak_leaves":6,"minecraft:tripwire":2},"minecraft:dropped":{"minecraft:enchanted_book":3,"minecraft:water_bucket":1,"minecraft:iron_ingot":8,"minecraft:bread":90,"minecraft:furnace":1,"minecraft:iron_sword":1,"minecraft:stone_axe":1,"minecraft:cooked_beef":7,"minecraft:crafting_table":2,"minecraft:diamond_leggings":1,"minecraft:cobblestone":24,"minecraft:book":9,"minecraft:oak_planks":32,"minecraft:glowstone_dust":5,"minecraft:cooked_mutton":3,"minecraft:coal":51,"minecraft:emerald":128,"minecraft:stick":23,"minecraft:poppy":1,"minecraft:shield":1,"minecraft:diamond_chestplate":1,"minecraft:diamond_helmet":1,"minecraft:diamond_boots":1,"minecraft:bow":1,"minecraft:arrow":7,"minecraft:iron_pickaxe":1,"minecraft:chipped_anvil":2,"minecraft:string":312,"minecraft:white_wool":5,"minecraft:netherrack":117},"minecraft:killed_by":{"minecraft:player":18,"minecraft:skeleton":1},"minecraft:killed":{"minecraft:pig":1,"minecraft:sheep":2,"minecraft:cow":3},"minecraft:picked_up":{"minecraft:crafting_table":4,"minecraft:cooked_beef":7,"minecraft:water_bucket":1,"minecraft:leather":6,"minecraft:diamond_sword":1,"minecraft:enchanted_book":3,"minecraft:oak_log":12,"minecraft:shield":3,"minecraft:dirt":12,"minecraft:string":749,"minecraft:cooked_mutton":3,"minecraft:chipped_anvil":2,"minecraft:bow":1,"minecraft:wheat_seeds":1,"minecraft:diamond_leggings":1,"minecraft:cobbled_deepslate":28,"minecraft:iron_ingot":8,"minecraft:beef":6,"minecraft:poppy":3,"minecraft:iron_pickaxe":1,"minecraft:diamond_helmet":1,"minecraft:glowstone_dust":7,"minecraft:sugar_cane":11,"minecraft:iron_sword":1,"minecraft:oak_planks":32,"minecraft:furnace":1,"minecraft:egg":1,"minecraft:book":9,"minecraft:stick":25,"minecraft:raw_iron":1,"minecraft:sweet_berries":94,"minecraft:torch":2,"minecraft:porkchop":3,"minecraft:spruce_sapling":4,"minecraft:spruce_log":34,"minecraft:arrow":7,"minecraft:diamond_chestplate":1,"minecraft:stone_axe":1,"minecraft:diamond_boots":1,"minecraft:bread":90,"minecraft:emerald":164,"minecraft:netherrack":117,"minecraft:mutton":3,"minecraft:coal":68,"minecraft:white_wool":7,"minecraft:cobblestone":55}},"DataVersion":3465}