{"stats":{"minecraft:used":{"minecraft:stone_pickaxe":9,"minecraft:wooden_pickaxe":14,"minecraft:stone_axe":23,"minecraft:dirt":5,"minecraft:sweet_berries":10,"minecraft:crafting_table":1,"minecraft:spruce_log":1},"minecraft:crafted":{"minecraft:crafting_table":1,"minecraft:spruce_planks":40,"minecraft:stick":8,"minecraft:wooden_pickaxe":1,"minecraft:stone_pickaxe":1,"minecraft:stone_axe":1},"minecraft:custom":{"minecraft:time_since_rest":9115,"minecraft:sprint_one_cm":45717,"minecraft:damage_taken":50,"minecraft:walk_one_cm":10777,"minecraft:mob_kills":2,"minecraft:damage_dealt":200,"minecraft:swim_one_cm":7791,"minecraft:interact_with_crafting_table":2,"minecraft:fly_one_cm":39391,"minecraft:crouch_one_cm":352,"minecraft:play_time":9115,"minecraft:sneak_time":160,"minecraft:walk_under_water_one_cm":1313,"minecraft:jump":214,"minecraft:walk_on_water_one_cm":1382,"minecraft:leave_game":7,"minecraft:time_since_death":9115,"minecraft:total_world_time":9115,"minecraft:fall_one_cm":5649},"minecraft:mined":{"minecraft:large_fern":1,"minecraft:sweet_berry_bush":42,"minecraft:spruce_log":30,"minecraft:crafting_table":1,"minecraft:grass_block":3,"minecraft:oak_log":6,"minecraft:dirt":3,"minecraft:spruce_leaves":11,"minecraft:stone":20,"minecraft:sugar_cane":2,"minecraft:oak_leaves":5,"minecraft:fern":1},"minecraft:killed":{"minecraft:cow":2},"minecraft:picked_up":{"minecraft:stick":2,"minecraft:crafting_table":1,"minecraft:sweet_berries":94,"minecraft:leather":4,"minecraft:oak_log":6,"minecraft:spruce_sapling":4,"minecraft:spruce_log":30,"minecraft:dirt":5,"minecraft:beef":3,"minecraft:sugar_cane":5,"minecraft:cobblestone":20}},"DataVersion":3465}