{"stats":{"minecraft:used":{"minecraft:stone_pickaxe":28,"minecraft:wooden_pickaxe":30,"minecraft:stone_axe":28,"minecraft:dirt":5,"minecraft:sweet_berries":20,"minecraft:crafting_table":2,"minecraft:spruce_log":1},"minecraft:crafted":{"minecraft:oak_planks":24,"minecraft:crafting_table":2,"minecraft:spruce_planks":56,"minecraft:stick":16,"minecraft:wooden_pickaxe":2,"minecraft:stone_pickaxe":1,"minecraft:stone_axe":1},"minecraft:custom":{"minecraft:time_since_rest":325,"minecraft:sprint_one_cm":93030,"minecraft:damage_taken":730,"minecraft:walk_one_cm":19595,"minecraft:mob_kills":6,"minecraft:damage_dealt":606,"minecraft:swim_one_cm":26688,"minecraft:interact_with_crafting_table":4,"minecraft:fly_one_cm":153256,"minecraft:crouch_one_cm":2901,"minecraft:play_time":20589,"minecraft:deaths":2,"minecraft:sneak_time":1203,"minecraft:walk_under_water_one_cm":3005,"minecraft:jump":698,"minecraft:leave_game":9,"minecraft:time_since_death":280,"minecraft:walk_on_water_one_cm":2867,"minecraft:total_world_time":20589,"minecraft:fall_one_cm":20511},"minecraft:mined":{"minecraft:large_fern":1,"minecraft:iron_ore":1,"minecraft:sweet_berry_bush":42,"minecraft:spruce_log":36,"minecraft:crafting_table":2,"minecraft:grass_block":6,"minecraft:oak_log":12,"minecraft:coal_ore":17,"minecraft:dirt":6,"minecraft:spruce_leaves":12,"minecraft:stone":30,"minecraft:sugar_cane":2,"minecraft:oak_leaves":6,"minecraft:fern":1},"minecraft:killed_by":{"minecraft:player":2},"minecraft:killed":{"minecraft:sheep":2,"minecraft:pig":1,"minecraft:cow":3},"minecraft:picked_up":{"minecraft:raw_iron":1,"minecraft:stick":2,"minecraft:crafting_table":2,"minecraft:sweet_berries":94,"minecraft:leather":6,"minecraft:porkchop":3,"minecraft:oak_log":12,"minecraft:spruce_sapling":4,"minecraft:spruce_log":34,"minecraft:dirt":11,"minecraft:beef":6,"minecraft:sugar_cane":5,"minecraft:mutton":3,"minecraft:coal":17,"minecraft:white_wool":2,"minecraft:cobblestone":31}},"DataVersion":3465}