{"stats":{"minecraft:used":{"minecraft:beetroot":5,"minecraft:poppy":3,"minecraft:diamond_hoe":27,"minecraft:spruce_planks":6,"minecraft:shield":5,"minecraft:rotten_flesh":15,"minecraft:netherrack":50,"minecraft:dirt":2,"minecraft:carrot":56,"minecraft:obsidian":1,"minecraft:wooden_axe":55,"minecraft:bookshelf":2,"minecraft:iron_axe":63,"minecraft:diamond_chestplate":1,"minecraft:furnace":2,"minecraft:gray_bed":2,"minecraft:beetroot_seeds":7,"minecraft:cooked_beef":1,"minecraft:egg":3,"minecraft:enchanted_golden_apple":1,"minecraft:potato":2,"minecraft:cobbled_deepslate":106,"minecraft:wheat_seeds":34,"minecraft:cooked_mutton":3,"minecraft:diorite":3,"minecraft:oak_planks":59,"minecraft:stone_pickaxe":194,"minecraft:wooden_pickaxe":24,"minecraft:diamond_axe":2,"minecraft:sugar_cane":6,"minecraft:cookie":33,"minecraft:crafting_table":16,"minecraft:end_stone":3,"minecraft:diamond_pickaxe":584,"minecraft:apple":36,"minecraft:bread":4,"minecraft:iron_pickaxe":163,"minecraft:stone_axe":74,"minecraft:diamond_sword":189,"minecraft:cobblestone":74,"minecraft:porkchop":1,"minecraft:cooked_porkchop":3,"minecraft:oak_boat":2},"minecraft:crafted":{"minecraft:cookie":36,"minecraft:oak_planks":188,"minecraft:diamond_hoe":1,"minecraft:furnace":2,"minecraft:bookshelf":2,"minecraft:diamond_helmet":1,"minecraft:diamond_leggings":1,"minecraft:iron_axe":1,"minecraft:stone_pickaxe":3,"minecraft:diamond_boots":1,"minecraft:gray_bed":1,"minecraft:wheat":216,"minecraft:diamond_sword":1,"minecraft:emerald":139,"minecraft:cooked_porkchop":3,"minecraft:diamond_axe":1,"minecraft:crafting_table":4,"minecraft:spruce_planks":76,"minecraft:wooden_pickaxe":3,"minecraft:stone_axe":2,"minecraft:enchanted_book":2,"minecraft:air":0,"minecraft:bread":75,"minecraft:oak_boat":1,"minecraft:diamond_pickaxe":1,"minecraft:shield":1,"minecraft:stick":44,"minecraft:iron_ingot":8,"minecraft:iron_pickaxe":1,"minecraft:wooden_axe":4,"minecraft:diamond_chestplate":2},"minecraft:custom":{"minecraft:interact_with_anvil":2,"minecraft:mob_kills":75,"minecraft:interact_with_crafting_table":33,"minecraft:leave_game":2,"minecraft:time_since_death":2611,"minecraft:climb_one_cm":8144,"minecraft:damage_resisted":2,"minecraft:sprint_one_cm":608035,"minecraft:walk_one_cm":334305,"minecraft:damage_blocked_by_shield":435,"minecraft:drop":93,"minecraft:talked_to_villager":141,"minecraft:play_time":188126,"minecraft:sneak_time":6040,"minecraft:deaths":8,"minecraft:walk_under_water_one_cm":16742,"minecraft:boat_one_cm":25545,"minecraft:jump":4231,"minecraft:walk_on_water_one_cm":26117,"minecraft:total_world_time":188126,"minecraft:interact_with_furnace":15,"minecraft:traded_with_villager":145,"minecraft:sleep_in_bed":8,"minecraft:time_since_rest":2637,"minecraft:damage_taken":5070,"minecraft:damage_absorbed":9,"minecraft:damage_dealt":16915,"minecraft:player_kills":16,"minecraft:swim_one_cm":52602,"minecraft:fly_one_cm":1257551,"minecraft:open_chest":53,"minecraft:crouch_one_cm":15565,"minecraft:fall_one_cm":97730},"minecraft:mined":{"minecraft:nether_gold_ore":1,"minecraft:tuff":21,"minecraft:deepslate_diamond_ore":36,"minecraft:end_stone":11,"minecraft:obsidian":6,"minecraft:granite":9,"minecraft:grass_block":2,"minecraft:soul_soil":13,"minecraft:spawner":3,"minecraft:hay_block":24,"minecraft:carrots":44,"minecraft:furnace":1,"minecraft:iron_ore":39,"minecraft:fire":19,"minecraft:cobbled_deepslate":1,"minecraft:bookshelf":10,"minecraft:potatoes":3,"minecraft:deepslate_iron_ore":8,"minecraft:iron_bars":1,"minecraft:stone":147,"minecraft:tripwire":1,"minecraft:soul_sand":8,"minecraft:infested_stone_bricks":1,"minecraft:basalt":2,"minecraft:oak_fence":1,"minecraft:crafting_table":13,"minecraft:cobblestone":3,"minecraft:oak_planks":34,"minecraft:sugar_cane":1,"minecraft:diorite":45,"minecraft:iron_door":2,"minecraft:wheat":33,"minecraft:gray_bed":1,"minecraft:bee_nest":1,"minecraft:stone_brick_stairs":6,"minecraft:grass":6,"minecraft:coal_ore":15,"minecraft:oak_log":51,"minecraft:beetroots":5,"minecraft:gravel":1,"minecraft:dirt":1,"minecraft:cobweb":4,"minecraft:stone_bricks":3,"minecraft:netherrack":397,"minecraft:mossy_stone_bricks":2,"minecraft:oak_leaves":17,"minecraft:deepslate":197},"minecraft:dropped":{"minecraft:soul_sand":3,"minecraft:birch_planks":36,"minecraft:wheat_seeds":40,"minecraft:cooked_beef":12,"minecraft:oak_log":37,"minecraft:crafting_table":2,"minecraft:cooked_porkchop":6,"minecraft:diamond_leggings":2,"minecraft:cookie":3,"minecraft:cobblestone":32,"minecraft:leather":8,"minecraft:apple":39,"minecraft:granite":1,"minecraft:flint":1,"minecraft:stick":9,"minecraft:dirt":15,"minecraft:wooden_axe":2,"minecraft:iron_door":2,"minecraft:diamond_helmet":1,"minecraft:string":65,"minecraft:birch_log":30,"minecraft:white_wool":8,"minecraft:spruce_sapling":4,"minecraft:bone":3,"minecraft:stone_axe":5,"minecraft:sweet_berries":10,"minecraft:sugar_cane":5,"minecraft:stone_sword":2,"minecraft:cobbled_deepslate":72,"minecraft:tuff":21,"minecraft:obsidian":4,"minecraft:raw_iron":1,"minecraft:rotten_flesh":5,"minecraft:oak_planks":21,"minecraft:glowstone_dust":3,"minecraft:diamond_sword":1,"minecraft:shield":2,"minecraft:gunpowder":3,"minecraft:diamond_chestplate":2,"minecraft:diamond_pickaxe":1,"minecraft:beetroot_seeds":6,"minecraft:mossy_stone_bricks":2,"minecraft:spider_eye":4,"minecraft:stone_bricks":5,"minecraft:diamond_boots":1,"minecraft:bow":2,"minecraft:basalt":1,"minecraft:iron_bars":1,"minecraft:arrow":2,"minecraft:wooden_pickaxe":2,"minecraft:stone_pickaxe":4,"minecraft:stone_brick_stairs":5,"minecraft:netherrack":2,"minecraft:egg":1},"minecraft:killed_by":{"minecraft:player":1,"minecraft:creeper":3,"minecraft:ender_dragon":1},"minecraft:killed":{"minecraft:spider":10,"minecraft:skeleton":9,"minecraft:bee":2,"minecraft:chicken":4,"minecraft:silverfish":3,"minecraft:pig":3,"minecraft:iron_golem":1,"minecraft:bat":1,"minecraft:creeper":2,"minecraft:sheep":1,"minecraft:zombie":27,"minecraft:enderman":1,"minecraft:blaze":6,"minecraft:cow":1},"minecraft:broken":{"minecraft:stone_pickaxe":1},"minecraft:picked_up":{"minecraft:wooden_axe":3,"minecraft:crafting_table":20,"minecraft:wheat":33,"minecraft:chicken":4,"minecraft:diamond_sword":4,"minecraft:wooden_pickaxe":4,"minecraft:stone_brick_stairs":5,"minecraft:shield":5,"minecraft:string":64,"minecraft:soul_soil":24,"minecraft:iron_axe":6,"minecraft:beetroot":5,"minecraft:diamond_leggings":5,"minecraft:gold_nugget":8,"minecraft:cobbled_deepslate":199,"minecraft:spruce_planks":228,"minecraft:beef":12,"minecraft:oak_boat":4,"minecraft:poppy":3,"minecraft:iron_pickaxe":3,"minecraft:sugar_cane":11,"minecraft:diamond_hoe":1,"minecraft:furnace":1,"minecraft:egg":4,"minecraft:end_stone":29,"minecraft:stick":17,"minecraft:raw_iron":74,"minecraft:oak_fence":1,"minecraft:porkchop":10,"minecraft:cookie":32,"minecraft:diorite":45,"minecraft:carrot":149,"minecraft:stone_sword":2,"minecraft:arrow":6,"minecraft:rotten_flesh":32,"minecraft:diamond_chestplate":4,"minecraft:beetroot_seeds":13,"minecraft:diamond_boots":4,"minecraft:hay_block":24,"minecraft:blaze_rod":1,"minecraft:obsidian":5,"minecraft:mutton":5,"minecraft:iron_bars":1,"minecraft:white_wool":9,"minecraft:cobblestone":255,"minecraft:birch_log":30,"minecraft:cooked_beef":13,"minecraft:feather":6,"minecraft:basalt":1,"minecraft:iron_door":2,"minecraft:leather":18,"minecraft:potato":11,"minecraft:birch_planks":36,"minecraft:flint":1,"minecraft:tuff":21,"minecraft:oak_log":84,"minecraft:gunpowder":3,"minecraft:dirt":18,"minecraft:cooked_mutton":3,"minecraft:bone":10,"minecraft:apple":217,"minecraft:stone_bricks":5,"minecraft:bow":2,"minecraft:wheat_seeds":99,"minecraft:iron_ingot":3,"minecraft:stone_pickaxe":5,"minecraft:mossy_stone_bricks":2,"minecraft:diamond_helmet":4,"minecraft:glowstone_dust":3,"minecraft:gray_bed":1,"minecraft:oak_planks":249,"minecraft:soul_sand":8,"minecraft:book":29,"minecraft:cooked_porkchop":6,"minecraft:sweet_berries":84,"minecraft:spruce_sapling":4,"minecraft:spruce_log":19,"minecraft:spider_eye":10,"minecraft:diamond":87,"minecraft:stone_axe":6,"minecraft:granite":11,"minecraft:gray_wool":3,"minecraft:bread":61,"minecraft:emerald":2,"minecraft:netherrack":515,"minecraft:coal":60,"minecraft:diamond_pickaxe":4}},"DataVersion":3465}