{"stats":{"minecraft:used":{"minecraft:beetroot":5,"minecraft:shield":2,"minecraft:rotten_flesh":15,"minecraft:dirt":1,"minecraft:carrot":38,"minecraft:wooden_axe":55,"minecraft:bookshelf":1,"minecraft:furnace":2,"minecraft:beetroot_seeds":7,"minecraft:egg":1,"minecraft:potato":2,"minecraft:cooked_beef":1,"minecraft:cobbled_deepslate":56,"minecraft:wheat_seeds":34,"minecraft:diorite":3,"minecraft:oak_planks":2,"minecraft:stone_pickaxe":194,"minecraft:wooden_pickaxe":24,"minecraft:diamond_axe":2,"minecraft:cookie":12,"minecraft:crafting_table":11,"minecraft:diamond_pickaxe":2,"minecraft:apple":3,"minecraft:iron_pickaxe":163,"minecraft:stone_axe":74,"minecraft:diamond_sword":48,"minecraft:cobblestone":14,"minecraft:porkchop":1,"minecraft:cooked_porkchop":3},"minecraft:crafted":{"minecraft:cookie":36,"minecraft:oak_planks":164,"minecraft:furnace":2,"minecraft:bookshelf":1,"minecraft:diamond_helmet":1,"minecraft:diamond_leggings":1,"minecraft:iron_axe":1,"minecraft:stone_pickaxe":3,"minecraft:diamond_boots":1,"minecraft:diamond_sword":1,"minecraft:emerald":108,"minecraft:cooked_porkchop":3,"minecraft:diamond_axe":1,"minecraft:crafting_table":4,"minecraft:wooden_pickaxe":3,"minecraft:stone_axe":2,"minecraft:enchanted_book":1,"minecraft:bread":11,"minecraft:air":0,"minecraft:diamond_pickaxe":1,"minecraft:shield":1,"minecraft:stick":40,"minecraft:iron_ingot":8,"minecraft:iron_pickaxe":1,"minecraft:wooden_axe":4,"minecraft:diamond_chestplate":2},"minecraft:custom":{"minecraft:mob_kills":54,"minecraft:interact_with_anvil":1,"minecraft:interact_with_crafting_table":25,"minecraft:leave_game":1,"minecraft:time_since_death":6656,"minecraft:climb_one_cm":4859,"minecraft:sprint_one_cm":316482,"minecraft:walk_one_cm":170733,"minecraft:damage_blocked_by_shield":120,"minecraft:drop":52,"minecraft:talked_to_villager":88,"minecraft:play_time":80885,"minecraft:deaths":6,"minecraft:sneak_time":2673,"minecraft:walk_under_water_one_cm":8485,"minecraft:jump":1994,"minecraft:walk_on_water_one_cm":15174,"minecraft:total_world_time":80885,"minecraft:interact_with_furnace":12,"minecraft:traded_with_villager":112,"minecraft:sleep_in_bed":1,"minecraft:time_since_rest":6678,"minecraft:damage_taken":2776,"minecraft:damage_dealt":10214,"minecraft:player_kills":1,"minecraft:swim_one_cm":19127,"minecraft:fly_one_cm":367560,"minecraft:open_chest":39,"minecraft:crouch_one_cm":6739,"minecraft:fall_one_cm":55746},"minecraft:mined":{"minecraft:tuff":12,"minecraft:deepslate_diamond_ore":33,"minecraft:granite":9,"minecraft:grass_block":1,"minecraft:spawner":1,"minecraft:furnace":1,"minecraft:carrots":44,"minecraft:iron_ore":39,"minecraft:cobbled_deepslate":1,"minecraft:fire":15,"minecraft:bookshelf":1,"minecraft:potatoes":3,"minecraft:deepslate_iron_ore":6,"minecraft:stone":87,"minecraft:crafting_table":10,"minecraft:cobblestone":1,"minecraft:diorite":45,"minecraft:wheat":33,"minecraft:grass":2,"minecraft:oak_log":41,"minecraft:coal_ore":15,"minecraft:beetroots":5,"minecraft:dirt":1,"minecraft:oak_leaves":10,"minecraft:deepslate":133},"minecraft:dropped":{"minecraft:birch_planks":36,"minecraft:wheat_seeds":39,"minecraft:cooked_beef":12,"minecraft:oak_log":27,"minecraft:crafting_table":2,"minecraft:cooked_porkchop":6,"minecraft:cobblestone":32,"minecraft:leather":2,"minecraft:granite":1,"minecraft:stick":9,"minecraft:dirt":15,"minecraft:wooden_axe":2,"minecraft:string":8,"minecraft:birch_log":30,"minecraft:white_wool":6,"minecraft:bone":3,"minecraft:stone_axe":4,"minecraft:stone_sword":2,"minecraft:cobbled_deepslate":72,"minecraft:tuff":12,"minecraft:rotten_flesh":5,"minecraft:oak_planks":21,"minecraft:gunpowder":3,"minecraft:beetroot_seeds":6,"minecraft:spider_eye":4,"minecraft:arrow":2,"minecraft:stone_pickaxe":3,"minecraft:wooden_pickaxe":1},"minecraft:killed_by":{"minecraft:creeper":3},"minecraft:killed":{"minecraft:spider":9,"minecraft:skeleton":9,"minecraft:pig":3,"minecraft:bat":1,"minecraft:creeper":2,"minecraft:sheep":1,"minecraft:zombie":26},"minecraft:broken":{"minecraft:stone_pickaxe":1},"minecraft:picked_up":{"minecraft:wooden_axe":3,"minecraft:crafting_table":15,"minecraft:wheat":33,"minecraft:diamond_sword":1,"minecraft:wooden_pickaxe":3,"minecraft:shield":1,"minecraft:string":39,"minecraft:iron_axe":3,"minecraft:beetroot":5,"minecraft:diamond_leggings":1,"minecraft:cobbled_deepslate":135,"minecraft:iron_pickaxe":3,"minecraft:egg":1,"minecraft:furnace":1,"minecraft:raw_iron":69,"minecraft:stick":11,"minecraft:porkchop":7,"minecraft:cookie":29,"minecraft:diorite":45,"minecraft:carrot":127,"minecraft:stone_sword":2,"minecraft:arrow":6,"minecraft:rotten_flesh":32,"minecraft:beetroot_seeds":13,"minecraft:diamond_boots":1,"minecraft:mutton":2,"minecraft:white_wool":7,"minecraft:cobblestone":179,"minecraft:birch_log":30,"minecraft:cooked_beef":13,"minecraft:leather":2,"minecraft:potato":11,"minecraft:birch_planks":36,"minecraft:tuff":12,"minecraft:oak_log":68,"minecraft:gunpowder":3,"minecraft:dirt":17,"minecraft:bone":8,"minecraft:wheat_seeds":98,"minecraft:iron_ingot":3,"minecraft:stone_pickaxe":4,"minecraft:diamond_helmet":1,"minecraft:soul_sand":1,"minecraft:oak_planks":136,"minecraft:book":3,"minecraft:cooked_porkchop":6,"minecraft:spider_eye":10,"minecraft:diamond":35,"minecraft:stone_axe":5,"minecraft:granite":11,"minecraft:emerald":2,"minecraft:coal":43,"minecraft:diamond_pickaxe":1}},"DataVersion":3465}