{"stats":{"minecraft:used":{"minecraft:wooden_axe":1,"minecraft:apple":3,"minecraft:dirt":1,"minecraft:crafting_table":1,"minecraft:porkchop":1,"minecraft:carrot":24,"minecraft:potato":2},"minecraft:crafted":{"minecraft:oak_planks":28,"minecraft:crafting_table":1,"minecraft:stick":4,"minecraft:wooden_pickaxe":1,"minecraft:wooden_axe":1},"minecraft:custom":{"minecraft:time_since_rest":3402,"minecraft:sprint_one_cm":60090,"minecraft:damage_taken":355,"minecraft:walk_one_cm":11384,"minecraft:mob_kills":2,"minecraft:drop":1,"minecraft:damage_dealt":130,"minecraft:interact_with_crafting_table":1,"minecraft:swim_one_cm":4211,"minecraft:fly_one_cm":41027,"minecraft:open_chest":8,"minecraft:crouch_one_cm":395,"minecraft:play_time":8885,"minecraft:deaths":1,"minecraft:sneak_time":88,"minecraft:walk_under_water_one_cm":622,"minecraft:jump":230,"minecraft:leave_game":1,"minecraft:time_since_death":3349,"minecraft:walk_on_water_one_cm":1308,"minecraft:total_world_time":8885,"minecraft:climb_one_cm":676,"minecraft:fall_one_cm":4509},"minecraft:mined":{"minecraft:carrots":11,"minecraft:wheat":12,"minecraft:crafting_table":1,"minecraft:grass":1,"minecraft:potatoes":2,"minecraft:grass_block":1,"minecraft:oak_log":7,"minecraft:beetroots":1,"minecraft:oak_leaves":1},"minecraft:dropped":{"minecraft:rotten_flesh":5},"minecraft:killed_by":{"minecraft:creeper":1},"minecraft:killed":{"minecraft:pig":2},"minecraft:picked_up":{"minecraft:stick":1,"minecraft:crafting_table":1,"minecraft:wheat":12,"minecraft:potato":8,"minecraft:porkchop":4,"minecraft:oak_log":7,"minecraft:carrot":40,"minecraft:dirt":1,"minecraft:beetroot":1,"minecraft:rotten_flesh":5,"minecraft:beetroot_seeds":4,"minecraft:wheat_seeds":36}},"DataVersion":3465}