{"stats":{"minecraft:used":{"minecraft:beetroot":3,"minecraft:wheat_seeds":34,"minecraft:wooden_axe":16,"minecraft:diorite":3,"minecraft:apple":3,"minecraft:stone_pickaxe":121,"minecraft:wooden_pickaxe":9,"minecraft:stone_axe":20,"minecraft:dirt":1,"minecraft:cobblestone":3,"minecraft:crafting_table":3,"minecraft:porkchop":1,"minecraft:beetroot_seeds":7,"minecraft:carrot":30,"minecraft:potato":2},"minecraft:crafted":{"minecraft:oak_planks":68,"minecraft:crafting_table":2,"minecraft:stick":12,"minecraft:wooden_pickaxe":2,"minecraft:stone_pickaxe":1,"minecraft:wooden_axe":2,"minecraft:stone_axe":1,"minecraft:bread":11},"minecraft:custom":{"minecraft:time_since_rest":15402,"minecraft:sprint_one_cm":95017,"minecraft:damage_taken":615,"minecraft:walk_one_cm":37743,"minecraft:mob_kills":12,"minecraft:drop":5,"minecraft:damage_dealt":1994,"minecraft:interact_with_crafting_table":3,"minecraft:swim_one_cm":6001,"minecraft:fly_one_cm":86595,"minecraft:open_chest":10,"minecraft:crouch_one_cm":3351,"minecraft:play_time":20885,"minecraft:deaths":1,"minecraft:sneak_time":1652,"minecraft:walk_under_water_one_cm":1446,"minecraft:jump":427,"minecraft:leave_game":1,"minecraft:time_since_death":15349,"minecraft:walk_on_water_one_cm":5247,"minecraft:total_world_time":20885,"minecraft:climb_one_cm":676,"minecraft:fall_one_cm":9071},"minecraft:mined":{"minecraft:carrots":26,"minecraft:iron_ore":16,"minecraft:wheat":33,"minecraft:crafting_table":3,"minecraft:granite":1,"minecraft:grass":2,"minecraft:potatoes":3,"minecraft:grass_block":1,"minecraft:oak_log":17,"minecraft:deepslate_iron_ore":5,"minecraft:beetroots":5,"minecraft:cobblestone":1,"minecraft:stone":55,"minecraft:diorite":45,"minecraft:oak_leaves":1,"minecraft:deepslate":6,"minecraft:spawner":1},"minecraft:dropped":{"minecraft:dirt":15,"minecraft:wheat_seeds":39,"minecraft:beetroot_seeds":6,"minecraft:rotten_flesh":5},"minecraft:killed_by":{"minecraft:creeper":1},"minecraft:killed":{"minecraft:sheep":1,"minecraft:zombie":8,"minecraft:pig":2},"minecraft:picked_up":{"minecraft:raw_iron":21,"minecraft:stick":1,"minecraft:crafting_table":3,"minecraft:wheat":33,"minecraft:potato":11,"minecraft:porkchop":4,"minecraft:oak_log":17,"minecraft:diorite":45,"minecraft:carrot":96,"minecraft:dirt":16,"minecraft:beetroot":5,"minecraft:rotten_flesh":13,"minecraft:beetroot_seeds":13,"minecraft:wheat_seeds":98,"minecraft:cobbled_deepslate":6,"minecraft:granite":1,"minecraft:mutton":2,"minecraft:white_wool":1,"minecraft:cobblestone":55}},"DataVersion":3465}