{"stats":{"minecraft:used":{"minecraft:beetroot":5,"minecraft:diamond_hoe":26,"minecraft:poppy":3,"minecraft:spruce_planks":1,"minecraft:shield":5,"minecraft:rotten_flesh":15,"minecraft:netherrack":6,"minecraft:dirt":2,"minecraft:carrot":56,"minecraft:wooden_axe":55,"minecraft:bookshelf":2,"minecraft:iron_axe":33,"minecraft:diamond_chestplate":1,"minecraft:furnace":2,"minecraft:gray_bed":1,"minecraft:beetroot_seeds":7,"minecraft:egg":3,"minecraft:potato":2,"minecraft:cooked_beef":1,"minecraft:cobbled_deepslate":56,"minecraft:wheat_seeds":34,"minecraft:cooked_mutton":3,"minecraft:diorite":3,"minecraft:oak_planks":6,"minecraft:stone_pickaxe":194,"minecraft:wooden_pickaxe":24,"minecraft:diamond_axe":2,"minecraft:sugar_cane":6,"minecraft:cookie":33,"minecraft:crafting_table":14,"minecraft:diamond_pickaxe":125,"minecraft:apple":26,"minecraft:iron_pickaxe":163,"minecraft:stone_axe":74,"minecraft:diamond_sword":171,"minecraft:cobblestone":14,"minecraft:porkchop":1,"minecraft:cooked_porkchop":3,"minecraft:oak_boat":2},"minecraft:crafted":{"minecraft:cookie":36,"minecraft:oak_planks":188,"minecraft:diamond_hoe":1,"minecraft:furnace":2,"minecraft:bookshelf":2,"minecraft:diamond_helmet":1,"minecraft:diamond_leggings":1,"minecraft:iron_axe":1,"minecraft:stone_pickaxe":3,"minecraft:diamond_boots":1,"minecraft:gray_bed":1,"minecraft:diamond_sword":1,"minecraft:emerald":139,"minecraft:cooked_porkchop":3,"minecraft:diamond_axe":1,"minecraft:crafting_table":4,"minecraft:spruce_planks":76,"minecraft:wooden_pickaxe":3,"minecraft:stone_axe":2,"minecraft:enchanted_book":2,"minecraft:bread":11,"minecraft:air":0,"minecraft:oak_boat":1,"minecraft:diamond_pickaxe":1,"minecraft:shield":1,"minecraft:stick":44,"minecraft:iron_ingot":8,"minecraft:iron_pickaxe":1,"minecraft:wooden_axe":4,"minecraft:diamond_chestplate":2},"minecraft:custom":{"minecraft:mob_kills":74,"minecraft:interact_with_anvil":2,"minecraft:interact_with_crafting_table":30,"minecraft:leave_game":1,"minecraft:time_since_death":23468,"minecraft:climb_one_cm":8144,"minecraft:sprint_one_cm":545255,"minecraft:walk_one_cm":263496,"minecraft:damage_blocked_by_shield":435,"minecraft:drop":81,"minecraft:talked_to_villager":141,"minecraft:play_time":128885,"minecraft:deaths":7,"minecraft:sneak_time":3128,"minecraft:walk_under_water_one_cm":16742,"minecraft:boat_one_cm":25545,"minecraft:jump":3686,"minecraft:walk_on_water_one_cm":25593,"minecraft:total_world_time":128885,"minecraft:interact_with_furnace":15,"minecraft:traded_with_villager":145,"minecraft:sleep_in_bed":6,"minecraft:time_since_rest":16318,"minecraft:damage_taken":4355,"minecraft:damage_dealt":15858,"minecraft:player_kills":13,"minecraft:swim_one_cm":52602,"minecraft:fly_one_cm":743678,"minecraft:open_chest":49,"minecraft:crouch_one_cm":7128,"minecraft:fall_one_cm":93125},"minecraft:mined":{"minecraft:tuff":15,"minecraft:deepslate_diamond_ore":33,"minecraft:granite":9,"minecraft:grass_block":2,"minecraft:spawner":3,"minecraft:hay_block":24,"minecraft:furnace":1,"minecraft:carrots":44,"minecraft:iron_ore":39,"minecraft:cobbled_deepslate":1,"minecraft:fire":15,"minecraft:bookshelf":10,"minecraft:potatoes":3,"minecraft:deepslate_iron_ore":6,"minecraft:iron_bars":1,"minecraft:stone":147,"minecraft:tripwire":1,"minecraft:infested_stone_bricks":1,"minecraft:oak_fence":1,"minecraft:crafting_table":12,"minecraft:cobblestone":1,"minecraft:sugar_cane":1,"minecraft:oak_planks":6,"minecraft:diorite":45,"minecraft:wheat":33,"minecraft:bee_nest":1,"minecraft:grass":6,"minecraft:oak_log":51,"minecraft:coal_ore":15,"minecraft:beetroots":5,"minecraft:dirt":1,"minecraft:cobweb":3,"minecraft:stone_bricks":2,"minecraft:netherrack":5,"minecraft:mossy_stone_bricks":2,"minecraft:oak_leaves":17,"minecraft:deepslate":180},"minecraft:dropped":{"minecraft:birch_planks":36,"minecraft:wheat_seeds":40,"minecraft:cooked_beef":12,"minecraft:oak_log":27,"minecraft:crafting_table":2,"minecraft:cooked_porkchop":6,"minecraft:diamond_leggings":2,"minecraft:cookie":3,"minecraft:cobblestone":32,"minecraft:apple":39,"minecraft:leather":8,"minecraft:granite":1,"minecraft:stick":9,"minecraft:dirt":15,"minecraft:wooden_axe":2,"minecraft:diamond_helmet":1,"minecraft:string":61,"minecraft:birch_log":30,"minecraft:white_wool":8,"minecraft:spruce_sapling":4,"minecraft:bone":3,"minecraft:stone_axe":5,"minecraft:sweet_berries":10,"minecraft:sugar_cane":5,"minecraft:stone_sword":2,"minecraft:cobbled_deepslate":72,"minecraft:tuff":12,"minecraft:raw_iron":1,"minecraft:rotten_flesh":5,"minecraft:oak_planks":21,"minecraft:glowstone_dust":3,"minecraft:diamond_sword":1,"minecraft:shield":2,"minecraft:gunpowder":3,"minecraft:diamond_chestplate":2,"minecraft:diamond_pickaxe":1,"minecraft:beetroot_seeds":6,"minecraft:spider_eye":4,"minecraft:diamond_boots":1,"minecraft:bow":2,"minecraft:arrow":2,"minecraft:stone_pickaxe":4,"minecraft:wooden_pickaxe":2,"minecraft:netherrack":2,"minecraft:egg":1},"minecraft:killed_by":{"minecraft:player":1,"minecraft:creeper":3},"minecraft:killed":{"minecraft:spider":10,"minecraft:skeleton":9,"minecraft:bee":2,"minecraft:chicken":4,"minecraft:silverfish":3,"minecraft:pig":3,"minecraft:iron_golem":1,"minecraft:bat":1,"minecraft:creeper":2,"minecraft:sheep":1,"minecraft:zombie":27,"minecraft:cow":1,"minecraft:blaze":6},"minecraft:broken":{"minecraft:stone_pickaxe":1},"minecraft:picked_up":{"minecraft:wooden_axe":3,"minecraft:crafting_table":19,"minecraft:wheat":33,"minecraft:chicken":4,"minecraft:diamond_sword":3,"minecraft:wooden_pickaxe":4,"minecraft:shield":4,"minecraft:string":63,"minecraft:iron_axe":5,"minecraft:beetroot":5,"minecraft:diamond_leggings":4,"minecraft:cobbled_deepslate":175,"minecraft:spruce_planks":134,"minecraft:beef":9,"minecraft:oak_boat":3,"minecraft:poppy":3,"minecraft:iron_pickaxe":3,"minecraft:sugar_cane":11,"minecraft:egg":4,"minecraft:furnace":1,"minecraft:raw_iron":71,"minecraft:stick":15,"minecraft:oak_fence":1,"minecraft:porkchop":10,"minecraft:cookie":32,"minecraft:diorite":45,"minecraft:carrot":138,"minecraft:diamond_chestplate":3,"minecraft:stone_sword":2,"minecraft:arrow":6,"minecraft:rotten_flesh":32,"minecraft:beetroot_seeds":13,"minecraft:diamond_boots":3,"minecraft:hay_block":24,"minecraft:blaze_rod":1,"minecraft:mutton":5,"minecraft:iron_bars":1,"minecraft:white_wool":9,"minecraft:cobblestone":253,"minecraft:birch_log":30,"minecraft:feather":6,"minecraft:cooked_beef":13,"minecraft:leather":16,"minecraft:potato":11,"minecraft:birch_planks":36,"minecraft:tuff":15,"minecraft:oak_log":84,"minecraft:gunpowder":3,"minecraft:dirt":18,"minecraft:cooked_mutton":3,"minecraft:bone":10,"minecraft:apple":147,"minecraft:stone_bricks":2,"minecraft:bow":2,"minecraft:wheat_seeds":99,"minecraft:iron_ingot":3,"minecraft:stone_pickaxe":5,"minecraft:mossy_stone_bricks":2,"minecraft:glowstone_dust":3,"minecraft:diamond_helmet":3,"minecraft:soul_sand":1,"minecraft:oak_planks":193,"minecraft:book":29,"minecraft:cooked_porkchop":6,"minecraft:sweet_berries":84,"minecraft:spruce_sapling":4,"minecraft:spruce_log":19,"minecraft:spider_eye":10,"minecraft:diamond":56,"minecraft:stone_axe":6,"minecraft:granite":11,"minecraft:gray_wool":3,"minecraft:emerald":2,"minecraft:netherrack":8,"minecraft:coal":60,"minecraft:diamond_pickaxe":3}},"DataVersion":3465}