{"stats":{"minecraft:used":{"minecraft:beetroot":5,"minecraft:wheat_seeds":34,"minecraft:diorite":3,"minecraft:stone_pickaxe":194,"minecraft:oak_planks":2,"minecraft:shield":2,"minecraft:wooden_pickaxe":24,"minecraft:diamond_axe":1,"minecraft:rotten_flesh":15,"minecraft:dirt":1,"minecraft:crafting_table":11,"minecraft:carrot":36,"minecraft:wooden_axe":55,"minecraft:diamond_pickaxe":2,"minecraft:apple":3,"minecraft:iron_pickaxe":163,"minecraft:diamond_sword":37,"minecraft:stone_axe":74,"minecraft:cobblestone":5,"minecraft:furnace":2,"minecraft:porkchop":1,"minecraft:beetroot_seeds":7,"minecraft:egg":1,"minecraft:cooked_beef":1,"minecraft:potato":2,"minecraft:cobbled_deepslate":51},"minecraft:crafted":{"minecraft:oak_planks":164,"minecraft:diamond_sword":1,"minecraft:diamond_axe":1,"minecraft:crafting_table":4,"minecraft:wooden_pickaxe":3,"minecraft:furnace":2,"minecraft:stone_axe":2,"minecraft:bread":11,"minecraft:air":0,"minecraft:diamond_helmet":1,"minecraft:diamond_leggings":1,"minecraft:diamond_pickaxe":1,"minecraft:shield":1,"minecraft:iron_axe":1,"minecraft:stick":40,"minecraft:iron_pickaxe":1,"minecraft:iron_ingot":8,"minecraft:stone_pickaxe":3,"minecraft:wooden_axe":4,"minecraft:diamond_boots":1,"minecraft:diamond_chestplate":1},"minecraft:custom":{"minecraft:interact_with_furnace":8,"minecraft:mob_kills":51,"minecraft:interact_with_crafting_table":22,"minecraft:leave_game":1,"minecraft:time_since_death":14213,"minecraft:climb_one_cm":676,"minecraft:time_since_rest":14237,"minecraft:sprint_one_cm":227397,"minecraft:damage_taken":2389,"minecraft:walk_one_cm":109448,"minecraft:damage_blocked_by_shield":120,"minecraft:drop":37,"minecraft:damage_dealt":9678,"minecraft:swim_one_cm":7899,"minecraft:fly_one_cm":230178,"minecraft:player_kills":1,"minecraft:open_chest":10,"minecraft:crouch_one_cm":5103,"minecraft:play_time":56885,"minecraft:deaths":5,"minecraft:sneak_time":2422,"minecraft:walk_under_water_one_cm":3571,"minecraft:jump":1320,"minecraft:walk_on_water_one_cm":14144,"minecraft:total_world_time":56885,"minecraft:fall_one_cm":37467},"minecraft:mined":{"minecraft:tuff":12,"minecraft:deepslate_diamond_ore":33,"minecraft:crafting_table":10,"minecraft:granite":9,"minecraft:grass_block":1,"minecraft:cobblestone":1,"minecraft:diorite":45,"minecraft:spawner":1,"minecraft:furnace":1,"minecraft:carrots":26,"minecraft:cobbled_deepslate":1,"minecraft:iron_ore":39,"minecraft:wheat":33,"minecraft:grass":2,"minecraft:coal_ore":15,"minecraft:potatoes":3,"minecraft:oak_log":41,"minecraft:beetroots":5,"minecraft:deepslate_iron_ore":6,"minecraft:dirt":1,"minecraft:stone":87,"minecraft:oak_leaves":6,"minecraft:deepslate":133},"minecraft:dropped":{"minecraft:stone_axe":3,"minecraft:birch_planks":36,"minecraft:wheat_seeds":39,"minecraft:cooked_beef":12,"minecraft:oak_log":27,"minecraft:stone_sword":2,"minecraft:crafting_table":2,"minecraft:cooked_porkchop":6,"minecraft:cobblestone":32,"minecraft:rotten_flesh":5,"minecraft:oak_planks":21,"minecraft:leather":2,"minecraft:stick":6,"minecraft:dirt":15,"minecraft:wooden_axe":1,"minecraft:beetroot_seeds":6,"minecraft:stone_pickaxe":2,"minecraft:birch_log":30,"minecraft:white_wool":6},"minecraft:killed_by":{"minecraft:creeper":3},"minecraft:killed":{"minecraft:pig":2,"minecraft:spider":9,"minecraft:bat":1,"minecraft:creeper":1,"minecraft:skeleton":8,"minecraft:sheep":1,"minecraft:zombie":26},"minecraft:broken":{"minecraft:stone_pickaxe":1},"minecraft:picked_up":{"minecraft:wooden_axe":3,"minecraft:birch_log":30,"minecraft:crafting_table":14,"minecraft:wheat":33,"minecraft:cooked_beef":13,"minecraft:leather":2,"minecraft:wooden_pickaxe":3,"minecraft:potato":11,"minecraft:birch_planks":36,"minecraft:tuff":12,"minecraft:oak_log":68,"minecraft:gunpowder":2,"minecraft:dirt":17,"minecraft:string":22,"minecraft:iron_axe":2,"minecraft:bone":4,"minecraft:beetroot":5,"minecraft:wheat_seeds":98,"minecraft:cobbled_deepslate":135,"minecraft:iron_ingot":3,"minecraft:stone_pickaxe":4,"minecraft:iron_pickaxe":2,"minecraft:oak_planks":102,"minecraft:furnace":1,"minecraft:egg":1,"minecraft:stick":11,"minecraft:raw_iron":61,"minecraft:cooked_porkchop":6,"minecraft:porkchop":4,"minecraft:diorite":45,"minecraft:carrot":96,"minecraft:spider_eye":10,"minecraft:arrow":2,"minecraft:stone_sword":2,"minecraft:rotten_flesh":28,"minecraft:diamond":34,"minecraft:stone_axe":5,"minecraft:beetroot_seeds":13,"minecraft:granite":11,"minecraft:mutton":2,"minecraft:coal":43,"minecraft:white_wool":7,"minecraft:cobblestone":170}},"DataVersion":3465}