{"stats":{"minecraft:used":{"minecraft:beetroot":5,"minecraft:wheat_seeds":34,"minecraft:diorite":3,"minecraft:stone_pickaxe":138,"minecraft:oak_planks":2,"minecraft:wooden_pickaxe":16,"minecraft:rotten_flesh":3,"minecraft:dirt":1,"minecraft:crafting_table":5,"minecraft:carrot":36,"minecraft:wooden_axe":40,"minecraft:apple":3,"minecraft:stone_axe":31,"minecraft:cobblestone":5,"minecraft:furnace":1,"minecraft:porkchop":1,"minecraft:beetroot_seeds":7,"minecraft:egg":1,"minecraft:cooked_beef":1,"minecraft:potato":2,"minecraft:cobbled_deepslate":7},"minecraft:crafted":{"minecraft:oak_planks":120,"minecraft:crafting_table":3,"minecraft:wooden_pickaxe":2,"minecraft:furnace":1,"minecraft:stone_axe":1,"minecraft:bread":11,"minecraft:air":0,"minecraft:stick":20,"minecraft:iron_ingot":2,"minecraft:stone_pickaxe":2,"minecraft:wooden_axe":3},"minecraft:custom":{"minecraft:interact_with_furnace":5,"minecraft:mob_kills":19,"minecraft:interact_with_crafting_table":11,"minecraft:leave_game":1,"minecraft:time_since_death":1155,"minecraft:climb_one_cm":676,"minecraft:time_since_rest":1180,"minecraft:sprint_one_cm":141115,"minecraft:damage_taken":1315,"minecraft:walk_one_cm":56174,"minecraft:drop":37,"minecraft:damage_dealt":3935,"minecraft:swim_one_cm":6059,"minecraft:fly_one_cm":159655,"minecraft:player_kills":1,"minecraft:open_chest":10,"minecraft:crouch_one_cm":3692,"minecraft:play_time":32885,"minecraft:deaths":3,"minecraft:sneak_time":1751,"minecraft:walk_under_water_one_cm":1653,"minecraft:jump":778,"minecraft:walk_on_water_one_cm":8114,"minecraft:total_world_time":32885,"minecraft:fall_one_cm":18968},"minecraft:mined":{"minecraft:crafting_table":4,"minecraft:granite":8,"minecraft:grass_block":1,"minecraft:cobblestone":1,"minecraft:diorite":45,"minecraft:spawner":1,"minecraft:carrots":26,"minecraft:iron_ore":24,"minecraft:wheat":33,"minecraft:grass":2,"minecraft:potatoes":3,"minecraft:oak_log":30,"minecraft:beetroots":5,"minecraft:deepslate_iron_ore":6,"minecraft:dirt":1,"minecraft:stone":55,"minecraft:oak_leaves":6,"minecraft:deepslate":14},"minecraft:dropped":{"minecraft:stone_axe":3,"minecraft:birch_planks":36,"minecraft:wheat_seeds":39,"minecraft:cooked_beef":12,"minecraft:oak_log":27,"minecraft:stone_sword":2,"minecraft:crafting_table":2,"minecraft:cooked_porkchop":6,"minecraft:cobblestone":32,"minecraft:rotten_flesh":5,"minecraft:oak_planks":21,"minecraft:leather":2,"minecraft:stick":6,"minecraft:dirt":15,"minecraft:wooden_axe":1,"minecraft:beetroot_seeds":6,"minecraft:stone_pickaxe":2,"minecraft:birch_log":30,"minecraft:white_wool":6},"minecraft:killed_by":{"minecraft:creeper":3},"minecraft:killed":{"minecraft:pig":2,"minecraft:spider":2,"minecraft:skeleton":2,"minecraft:sheep":1,"minecraft:zombie":11},"minecraft:broken":{"minecraft:stone_pickaxe":1},"minecraft:picked_up":{"minecraft:wooden_axe":1,"minecraft:birch_log":30,"minecraft:crafting_table":6,"minecraft:wheat":33,"minecraft:cooked_beef":13,"minecraft:leather":2,"minecraft:wooden_pickaxe":1,"minecraft:potato":11,"minecraft:birch_planks":36,"minecraft:oak_log":57,"minecraft:dirt":17,"minecraft:string":3,"minecraft:bone":1,"minecraft:beetroot":5,"minecraft:wheat_seeds":98,"minecraft:cobbled_deepslate":14,"minecraft:stone_pickaxe":2,"minecraft:oak_planks":14,"minecraft:egg":1,"minecraft:stick":11,"minecraft:raw_iron":30,"minecraft:cooked_porkchop":6,"minecraft:porkchop":4,"minecraft:diorite":45,"minecraft:carrot":96,"minecraft:stone_sword":2,"minecraft:rotten_flesh":16,"minecraft:stone_axe":3,"minecraft:beetroot_seeds":13,"minecraft:granite":8,"minecraft:mutton":2,"minecraft:white_wool":7,"minecraft:cobblestone":103}},"DataVersion":3465}