{"stats":{"minecraft:used":{"minecraft:beetroot":5,"minecraft:wheat_seeds":34,"minecraft:diorite":3,"minecraft:stone_pickaxe":194,"minecraft:oak_planks":2,"minecraft:wooden_pickaxe":24,"minecraft:rotten_flesh":9,"minecraft:dirt":1,"minecraft:crafting_table":9,"minecraft:carrot":36,"minecraft:wooden_axe":49,"minecraft:apple":3,"minecraft:iron_pickaxe":1,"minecraft:stone_axe":73,"minecraft:cobblestone":5,"minecraft:furnace":2,"minecraft:porkchop":1,"minecraft:beetroot_seeds":7,"minecraft:egg":1,"minecraft:cooked_beef":1,"minecraft:potato":2,"minecraft:cobbled_deepslate":7},"minecraft:crafted":{"minecraft:oak_planks":164,"minecraft:crafting_table":4,"minecraft:wooden_pickaxe":3,"minecraft:furnace":2,"minecraft:stone_axe":2,"minecraft:bread":11,"minecraft:air":0,"minecraft:iron_axe":1,"minecraft:stick":32,"minecraft:iron_pickaxe":1,"minecraft:iron_ingot":8,"minecraft:stone_pickaxe":3,"minecraft:wooden_axe":4},"minecraft:custom":{"minecraft:interact_with_furnace":8,"minecraft:mob_kills":36,"minecraft:interact_with_crafting_table":19,"minecraft:leave_game":1,"minecraft:time_since_death":2213,"minecraft:climb_one_cm":676,"minecraft:time_since_rest":2237,"minecraft:sprint_one_cm":202203,"minecraft:damage_taken":2190,"minecraft:walk_one_cm":82538,"minecraft:drop":37,"minecraft:damage_dealt":6801,"minecraft:swim_one_cm":6938,"minecraft:fly_one_cm":209242,"minecraft:player_kills":1,"minecraft:open_chest":10,"minecraft:crouch_one_cm":4066,"minecraft:play_time":44885,"minecraft:deaths":5,"minecraft:sneak_time":1920,"minecraft:walk_under_water_one_cm":2253,"minecraft:jump":1039,"minecraft:walk_on_water_one_cm":9692,"minecraft:total_world_time":44885,"minecraft:fall_one_cm":32852},"minecraft:mined":{"minecraft:deepslate_diamond_ore":1,"minecraft:crafting_table":8,"minecraft:granite":9,"minecraft:grass_block":1,"minecraft:cobblestone":1,"minecraft:diorite":45,"minecraft:spawner":1,"minecraft:furnace":1,"minecraft:carrots":26,"minecraft:iron_ore":39,"minecraft:wheat":33,"minecraft:grass":2,"minecraft:coal_ore":15,"minecraft:potatoes":3,"minecraft:oak_log":41,"minecraft:beetroots":5,"minecraft:deepslate_iron_ore":6,"minecraft:dirt":1,"minecraft:stone":87,"minecraft:oak_leaves":6,"minecraft:deepslate":14},"minecraft:dropped":{"minecraft:stone_axe":3,"minecraft:birch_planks":36,"minecraft:wheat_seeds":39,"minecraft:cooked_beef":12,"minecraft:oak_log":27,"minecraft:stone_sword":2,"minecraft:crafting_table":2,"minecraft:cooked_porkchop":6,"minecraft:cobblestone":32,"minecraft:rotten_flesh":5,"minecraft:oak_planks":21,"minecraft:leather":2,"minecraft:stick":6,"minecraft:dirt":15,"minecraft:wooden_axe":1,"minecraft:beetroot_seeds":6,"minecraft:stone_pickaxe":2,"minecraft:birch_log":30,"minecraft:white_wool":6},"minecraft:killed_by":{"minecraft:creeper":3},"minecraft:killed":{"minecraft:pig":2,"minecraft:spider":8,"minecraft:bat":1,"minecraft:skeleton":3,"minecraft:sheep":1,"minecraft:zombie":19},"minecraft:broken":{"minecraft:stone_pickaxe":1},"minecraft:picked_up":{"minecraft:wooden_axe":3,"minecraft:birch_log":30,"minecraft:crafting_table":12,"minecraft:wheat":33,"minecraft:cooked_beef":13,"minecraft:leather":2,"minecraft:wooden_pickaxe":3,"minecraft:potato":11,"minecraft:birch_planks":36,"minecraft:oak_log":68,"minecraft:dirt":17,"minecraft:string":21,"minecraft:iron_axe":2,"minecraft:bone":1,"minecraft:beetroot":5,"minecraft:wheat_seeds":98,"minecraft:cobbled_deepslate":14,"minecraft:iron_ingot":3,"minecraft:stone_pickaxe":4,"minecraft:iron_pickaxe":2,"minecraft:oak_planks":102,"minecraft:furnace":1,"minecraft:egg":1,"minecraft:stick":11,"minecraft:raw_iron":61,"minecraft:cooked_porkchop":6,"minecraft:porkchop":4,"minecraft:diorite":45,"minecraft:carrot":96,"minecraft:spider_eye":9,"minecraft:stone_sword":2,"minecraft:rotten_flesh":22,"minecraft:diamond":2,"minecraft:stone_axe":5,"minecraft:beetroot_seeds":13,"minecraft:granite":11,"minecraft:mutton":2,"minecraft:coal":43,"minecraft:white_wool":7,"minecraft:cobblestone":170}},"DataVersion":3465}