{"stats":{"minecraft:used":{"minecraft:cooked_mutton":2,"minecraft:diamond_boots":2,"minecraft:stone_pickaxe":21,"minecraft:oak_planks":3,"minecraft:wooden_pickaxe":3,"minecraft:shield":21,"minecraft:iron_sword":47,"minecraft:dirt":18,"minecraft:anvil":1,"minecraft:mutton":3,"minecraft:crafting_table":3,"minecraft:diamond_helmet":4,"minecraft:milk_bucket":1,"minecraft:apple":11,"minecraft:bookshelf":7,"minecraft:bread":15,"minecraft:iron_pickaxe":104,"minecraft:diamond_chestplate":3,"minecraft:light_gray_wool":1,"minecraft:stone_axe":36,"minecraft:bow":9,"minecraft:furnace":1,"minecraft:porkchop":2,"minecraft:cooked_porkchop":4,"minecraft:egg":1,"minecraft:cooked_beef":1,"minecraft:diamond_leggings":1},"minecraft:crafted":{"minecraft:cooked_beef":3,"minecraft:oak_planks":36,"minecraft:emerald":83,"minecraft:crafting_table":1,"minecraft:wooden_pickaxe":1,"minecraft:iron_sword":1,"minecraft:furnace":1,"minecraft:birch_planks":68,"minecraft:enchanted_book":10,"minecraft:stone_axe":1,"minecraft:bookshelf":7,"minecraft:bread":33,"minecraft:cooked_mutton":5,"minecraft:air":0,"minecraft:diamond_helmet":1,"minecraft:diamond_leggings":1,"minecraft:bow":1,"minecraft:shield":1,"minecraft:stick":12,"minecraft:iron_ingot":30,"minecraft:anvil":1,"minecraft:iron_pickaxe":1,"minecraft:stone_pickaxe":1,"minecraft:iron_block":3,"minecraft:stone_sword":1,"minecraft:diamond_boots":1,"minecraft:wheat":99,"minecraft:diamond_chestplate":1},"minecraft:custom":{"minecraft:interact_with_furnace":35,"minecraft:interact_with_anvil":5,"minecraft:mob_kills":20,"minecraft:traded_with_villager":104,"minecraft:interact_with_crafting_table":19,"minecraft:open_barrel":2,"minecraft:interact_with_grindstone":2,"minecraft:leave_game":2,"minecraft:time_since_death":52350,"minecraft:sleep_in_bed":8,"minecraft:climb_one_cm":7555,"minecraft:time_since_rest":4798,"minecraft:sprint_one_cm":212387,"minecraft:damage_taken":1909,"minecraft:walk_one_cm":127855,"minecraft:damage_blocked_by_shield":1725,"minecraft:drop":33,"minecraft:damage_dealt":2717,"minecraft:swim_one_cm":2827,"minecraft:talked_to_villager":82,"minecraft:fly_one_cm":306364,"minecraft:open_chest":86,"minecraft:crouch_one_cm":4511,"minecraft:play_time":65434,"minecraft:deaths":2,"minecraft:sneak_time":3400,"minecraft:walk_under_water_one_cm":384,"minecraft:jump":1483,"minecraft:walk_on_water_one_cm":4824,"minecraft:total_world_time":65434,"minecraft:fall_one_cm":40513},"minecraft:mined":{"minecraft:crafting_table":3,"minecraft:grass_block":6,"minecraft:tall_grass":2,"minecraft:sugar_cane":1,"minecraft:oak_planks":3,"minecraft:birch_planks":1,"minecraft:furnace":1,"minecraft:birch_log":17,"minecraft:iron_ore":31,"minecraft:andesite":1,"minecraft:birch_leaves":1,"minecraft:anvil":1,"minecraft:grass":17,"minecraft:bookshelf":7,"minecraft:oak_log":9,"minecraft:coal_ore":43,"minecraft:dirt":17,"minecraft:stone":50,"minecraft:deepslate":1,"minecraft:oak_leaves":12},"minecraft:dropped":{"minecraft:stone_axe":1,"minecraft:sugar_cane":3,"minecraft:wheat_seeds":5,"minecraft:stone_sword":1,"minecraft:birch_sapling":1,"minecraft:raw_iron":1,"minecraft:leather":3,"minecraft:wooden_axe":3,"minecraft:andesite":1,"minecraft:oak_sapling":10,"minecraft:stone_pickaxe":1,"minecraft:string":267,"minecraft:white_wool":5},"minecraft:killed_by":{"minecraft:player":1},"minecraft:killed":{"minecraft:pig":1,"minecraft:spider":1,"minecraft:horse":1,"minecraft:sheep":6,"minecraft:skeleton":6,"minecraft:zombie":4,"minecraft:cow":1},"minecraft:picked_up":{"minecraft:wooden_axe":3,"minecraft:birch_log":26,"minecraft:crafting_table":4,"minecraft:cooked_beef":10,"minecraft:anvil":1,"minecraft:andesite":1,"minecraft:leather":5,"minecraft:birch_planks":19,"minecraft:oak_log":18,"minecraft:dirt":35,"minecraft:string":321,"minecraft:wheat_seeds":8,"minecraft:beef":3,"minecraft:stone_pickaxe":1,"minecraft:light_gray_wool":1,"minecraft:sugar_cane":3,"minecraft:birch_sapling":2,"minecraft:oak_planks":10,"minecraft:furnace":1,"minecraft:book":21,"minecraft:stick":4,"minecraft:raw_iron":31,"minecraft:cooked_porkchop":3,"minecraft:porkchop":2,"minecraft:stone_sword":1,"minecraft:arrow":7,"minecraft:stone_axe":1,"minecraft:oak_sapling":10,"minecraft:mutton":9,"minecraft:coal":82,"minecraft:white_wool":14,"minecraft:cobblestone":53}},"DataVersion":3465}