{"stats":{"minecraft:used":{"minecraft:cooked_mutton":2,"minecraft:diamond_boots":2,"minecraft:stone_pickaxe":21,"minecraft:poppy":2,"minecraft:oak_planks":4,"minecraft:wooden_pickaxe":3,"minecraft:shield":21,"minecraft:iron_sword":47,"minecraft:dirt":18,"minecraft:anvil":4,"minecraft:mutton":3,"minecraft:crafting_table":3,"minecraft:white_bed":1,"minecraft:diamond_helmet":5,"minecraft:milk_bucket":1,"minecraft:apple":11,"minecraft:bookshelf":7,"minecraft:bread":19,"minecraft:string":1,"minecraft:iron_pickaxe":107,"minecraft:diamond_chestplate":4,"minecraft:light_gray_wool":1,"minecraft:stone_axe":36,"minecraft:bow":14,"minecraft:furnace":1,"minecraft:porkchop":2,"minecraft:cooked_porkchop":4,"minecraft:egg":1,"minecraft:cooked_beef":1,"minecraft:diamond_leggings":2},"minecraft:crafted":{"minecraft:cooked_beef":3,"minecraft:oak_planks":36,"minecraft:emerald":110,"minecraft:crafting_table":1,"minecraft:wooden_pickaxe":1,"minecraft:iron_sword":1,"minecraft:furnace":1,"minecraft:birch_planks":68,"minecraft:enchanted_book":12,"minecraft:stone_axe":1,"minecraft:bookshelf":7,"minecraft:bread":129,"minecraft:cooked_mutton":5,"minecraft:air":0,"minecraft:apple":128,"minecraft:diamond_helmet":1,"minecraft:diamond_leggings":1,"minecraft:bow":1,"minecraft:shield":1,"minecraft:stick":12,"minecraft:iron_ingot":30,"minecraft:anvil":1,"minecraft:iron_pickaxe":1,"minecraft:stone_pickaxe":1,"minecraft:iron_block":3,"minecraft:stone_sword":1,"minecraft:diamond_boots":1,"minecraft:wheat":99,"minecraft:diamond_chestplate":1},"minecraft:custom":{"minecraft:interact_with_furnace":35,"minecraft:interact_with_anvil":9,"minecraft:mob_kills":20,"minecraft:traded_with_villager":181,"minecraft:interact_with_crafting_table":19,"minecraft:open_barrel":3,"minecraft:interact_with_grindstone":3,"minecraft:leave_game":2,"minecraft:time_since_death":64350,"minecraft:sleep_in_bed":20,"minecraft:climb_one_cm":11255,"minecraft:time_since_rest":2980,"minecraft:sprint_one_cm":255625,"minecraft:damage_taken":2057,"minecraft:walk_one_cm":167304,"minecraft:damage_blocked_by_shield":1725,"minecraft:drop":42,"minecraft:damage_dealt":2717,"minecraft:swim_one_cm":2827,"minecraft:talked_to_villager":132,"minecraft:fly_one_cm":343924,"minecraft:open_chest":94,"minecraft:crouch_one_cm":4935,"minecraft:play_time":77434,"minecraft:deaths":2,"minecraft:sneak_time":3554,"minecraft:walk_under_water_one_cm":384,"minecraft:jump":1654,"minecraft:walk_on_water_one_cm":4824,"minecraft:total_world_time":77434,"minecraft:fall_one_cm":42229},"minecraft:mined":{"minecraft:white_bed":1,"minecraft:crafting_table":3,"minecraft:grass_block":7,"minecraft:tall_grass":2,"minecraft:sugar_cane":1,"minecraft:oak_planks":4,"minecraft:birch_planks":1,"minecraft:furnace":1,"minecraft:birch_log":17,"minecraft:iron_ore":31,"minecraft:andesite":1,"minecraft:birch_leaves":1,"minecraft:anvil":3,"minecraft:grass":17,"minecraft:bookshelf":7,"minecraft:oak_log":9,"minecraft:coal_ore":43,"minecraft:dirt":17,"minecraft:stone":50,"minecraft:chipped_anvil":1,"minecraft:deepslate":1,"minecraft:oak_leaves":12},"minecraft:dropped":{"minecraft:stone_axe":1,"minecraft:sugar_cane":3,"minecraft:wheat_seeds":5,"minecraft:stone_sword":1,"minecraft:birch_sapling":1,"minecraft:raw_iron":1,"minecraft:apple":499,"minecraft:leather":3,"minecraft:wooden_axe":3,"minecraft:andesite":1,"minecraft:oak_sapling":10,"minecraft:stone_pickaxe":1,"minecraft:string":267,"minecraft:white_wool":5},"minecraft:killed_by":{"minecraft:player":1},"minecraft:killed":{"minecraft:pig":1,"minecraft:spider":1,"minecraft:horse":1,"minecraft:sheep":6,"minecraft:skeleton":6,"minecraft:zombie":4,"minecraft:cow":1},"minecraft:picked_up":{"minecraft:wooden_axe":3,"minecraft:birch_log":26,"minecraft:crafting_table":4,"minecraft:cooked_beef":10,"minecraft:anvil":3,"minecraft:andesite":1,"minecraft:leather":5,"minecraft:birch_planks":19,"minecraft:oak_log":18,"minecraft:dirt":35,"minecraft:string":321,"minecraft:chipped_anvil":1,"minecraft:apple":366,"minecraft:wheat_seeds":8,"minecraft:beef":3,"minecraft:stone_pickaxe":1,"minecraft:poppy":2,"minecraft:light_gray_wool":1,"minecraft:sugar_cane":3,"minecraft:birch_sapling":2,"minecraft:oak_planks":11,"minecraft:furnace":1,"minecraft:book":21,"minecraft:stick":4,"minecraft:raw_iron":31,"minecraft:cooked_porkchop":3,"minecraft:porkchop":2,"minecraft:white_bed":1,"minecraft:stone_sword":1,"minecraft:arrow":7,"minecraft:stone_axe":1,"minecraft:oak_sapling":10,"minecraft:mutton":9,"minecraft:coal":82,"minecraft:white_wool":14,"minecraft:cobblestone":53}},"DataVersion":3465}