{"stats":{"minecraft:used":{"minecraft:cooked_mutton":2,"minecraft:diamond_boots":2,"minecraft:stone_pickaxe":21,"minecraft:oak_planks":3,"minecraft:wooden_pickaxe":3,"minecraft:shield":21,"minecraft:iron_sword":45,"minecraft:dirt":16,"minecraft:mutton":3,"minecraft:crafting_table":3,"minecraft:diamond_helmet":3,"minecraft:milk_bucket":1,"minecraft:apple":1,"minecraft:bookshelf":7,"minecraft:bread":15,"minecraft:iron_pickaxe":102,"minecraft:diamond_chestplate":2,"minecraft:light_gray_wool":1,"minecraft:stone_axe":36,"minecraft:furnace":1,"minecraft:porkchop":2,"minecraft:cooked_porkchop":4,"minecraft:egg":1,"minecraft:cooked_beef":1,"minecraft:diamond_leggings":1},"minecraft:crafted":{"minecraft:oak_planks":36,"minecraft:emerald":77,"minecraft:crafting_table":1,"minecraft:wooden_pickaxe":1,"minecraft:iron_sword":1,"minecraft:furnace":1,"minecraft:birch_planks":28,"minecraft:enchanted_book":10,"minecraft:stone_axe":1,"minecraft:bookshelf":7,"minecraft:bread":33,"minecraft:cooked_mutton":2,"minecraft:air":0,"minecraft:diamond_helmet":1,"minecraft:diamond_leggings":1,"minecraft:bow":1,"minecraft:shield":1,"minecraft:stick":12,"minecraft:iron_ingot":13,"minecraft:iron_pickaxe":1,"minecraft:stone_pickaxe":1,"minecraft:iron_block":1,"minecraft:stone_sword":1,"minecraft:diamond_boots":1,"minecraft:wheat":99,"minecraft:diamond_chestplate":1},"minecraft:custom":{"minecraft:interact_with_furnace":10,"minecraft:interact_with_anvil":3,"minecraft:mob_kills":20,"minecraft:traded_with_villager":98,"minecraft:interact_with_crafting_table":14,"minecraft:open_barrel":2,"minecraft:interact_with_grindstone":2,"minecraft:leave_game":2,"minecraft:time_since_death":40350,"minecraft:sleep_in_bed":7,"minecraft:climb_one_cm":5868,"minecraft:time_since_rest":30817,"minecraft:sprint_one_cm":182570,"minecraft:damage_taken":1636,"minecraft:walk_one_cm":108532,"minecraft:damage_blocked_by_shield":1725,"minecraft:drop":32,"minecraft:damage_dealt":2710,"minecraft:swim_one_cm":2827,"minecraft:talked_to_villager":62,"minecraft:fly_one_cm":269340,"minecraft:open_chest":68,"minecraft:crouch_one_cm":3426,"minecraft:play_time":53434,"minecraft:deaths":2,"minecraft:sneak_time":1929,"minecraft:walk_under_water_one_cm":304,"minecraft:jump":1320,"minecraft:walk_on_water_one_cm":4472,"minecraft:total_world_time":53434,"minecraft:fall_one_cm":38030},"minecraft:mined":{"minecraft:crafting_table":2,"minecraft:grass_block":6,"minecraft:tall_grass":2,"minecraft:sugar_cane":1,"minecraft:oak_planks":3,"minecraft:birch_planks":1,"minecraft:birch_log":17,"minecraft:iron_ore":31,"minecraft:andesite":1,"minecraft:birch_leaves":1,"minecraft:grass":17,"minecraft:bookshelf":7,"minecraft:oak_log":9,"minecraft:coal_ore":43,"minecraft:dirt":15,"minecraft:stone":50,"minecraft:deepslate":1,"minecraft:oak_leaves":12},"minecraft:dropped":{"minecraft:stone_axe":1,"minecraft:sugar_cane":3,"minecraft:wheat_seeds":5,"minecraft:stone_sword":1,"minecraft:birch_sapling":1,"minecraft:raw_iron":1,"minecraft:wooden_axe":3,"minecraft:andesite":1,"minecraft:oak_sapling":10,"minecraft:stone_pickaxe":1,"minecraft:string":267,"minecraft:white_wool":5},"minecraft:killed_by":{"minecraft:player":1},"minecraft:killed":{"minecraft:pig":1,"minecraft:spider":1,"minecraft:horse":1,"minecraft:sheep":6,"minecraft:skeleton":6,"minecraft:zombie":4,"minecraft:cow":1},"minecraft:picked_up":{"minecraft:wooden_axe":3,"minecraft:birch_log":26,"minecraft:crafting_table":3,"minecraft:cooked_beef":10,"minecraft:andesite":1,"minecraft:leather":5,"minecraft:birch_planks":19,"minecraft:oak_log":18,"minecraft:dirt":33,"minecraft:string":283,"minecraft:wheat_seeds":8,"minecraft:beef":3,"minecraft:stone_pickaxe":1,"minecraft:light_gray_wool":1,"minecraft:sugar_cane":3,"minecraft:birch_sapling":2,"minecraft:oak_planks":10,"minecraft:book":21,"minecraft:stick":4,"minecraft:raw_iron":31,"minecraft:cooked_porkchop":3,"minecraft:porkchop":2,"minecraft:stone_sword":1,"minecraft:arrow":7,"minecraft:stone_axe":1,"minecraft:oak_sapling":10,"minecraft:mutton":9,"minecraft:coal":43,"minecraft:white_wool":14,"minecraft:cobblestone":53}},"DataVersion":3465}