{"stats":{"minecraft:used":{"minecraft:crafting_table":1,"minecraft:stone_pickaxe":21,"minecraft:wooden_pickaxe":3},"minecraft:crafted":{"minecraft:stone_sword":1,"minecraft:birch_planks":28,"minecraft:crafting_table":1,"minecraft:stick":4,"minecraft:stone_pickaxe":1,"minecraft:wooden_pickaxe":1},"minecraft:custom":{"minecraft:time_since_rest":5976,"minecraft:crouch_one_cm":13,"minecraft:play_time":5976,"minecraft:sprint_one_cm":14153,"minecraft:walk_one_cm":8957,"minecraft:sneak_time":51,"minecraft:walk_under_water_one_cm":163,"minecraft:mob_kills":4,"minecraft:jump":127,"minecraft:damage_dealt":490,"minecraft:time_since_death":5976,"minecraft:walk_on_water_one_cm":1028,"minecraft:total_world_time":5976,"minecraft:interact_with_crafting_table":3,"minecraft:swim_one_cm":751,"minecraft:fall_one_cm":4298,"minecraft:fly_one_cm":24315},"minecraft:mined":{"minecraft:grass":9,"minecraft:grass_block":3,"minecraft:dirt":9,"minecraft:birch_log":7,"minecraft:tall_grass":1,"minecraft:stone":24,"minecraft:birch_leaves":1,"minecraft:oak_leaves":4},"minecraft:killed":{"minecraft:sheep":2,"minecraft:horse":1,"minecraft:pig":1},"minecraft:picked_up":{"minecraft:birch_log":7,"minecraft:stick":1,"minecraft:leather":2,"minecraft:wheat_seeds":3,"minecraft:porkchop":2,"minecraft:mutton":2,"minecraft:dirt":12,"minecraft:white_wool":2,"minecraft:cobblestone":24}},"DataVersion":3465}