{"stats":{"minecraft:used":{"minecraft:poppy":2,"minecraft:shield":21,"minecraft:iron_sword":68,"minecraft:dirt":30,"minecraft:mutton":3,"minecraft:anvil":4,"minecraft:diamond_helmet":7,"minecraft:milk_bucket":1,"minecraft:chipped_anvil":3,"minecraft:bookshelf":7,"minecraft:light_gray_wool":1,"minecraft:diamond_chestplate":5,"minecraft:bow":343,"minecraft:furnace":1,"minecraft:egg":1,"minecraft:cooked_beef":1,"minecraft:cooked_mutton":3,"minecraft:water_bucket":6,"minecraft:damaged_anvil":4,"minecraft:diamond_boots":5,"minecraft:stone_pickaxe":21,"minecraft:oak_planks":14,"minecraft:wooden_pickaxe":3,"minecraft:crafting_table":3,"minecraft:white_bed":2,"minecraft:apple":11,"minecraft:bread":66,"minecraft:string":6,"minecraft:iron_pickaxe":120,"minecraft:stone_axe":36,"minecraft:cooked_porkchop":4,"minecraft:porkchop":2,"minecraft:bucket":7,"minecraft:diamond_leggings":5},"minecraft:crafted":{"minecraft:oak_planks":36,"minecraft:furnace":1,"minecraft:bookshelf":7,"minecraft:cooked_mutton":5,"minecraft:diamond_helmet":1,"minecraft:bow":1,"minecraft:diamond_leggings":1,"minecraft:stone_pickaxe":1,"minecraft:diamond_boots":1,"minecraft:wheat":99,"minecraft:cooked_beef":3,"minecraft:emerald":303,"minecraft:crafting_table":1,"minecraft:wooden_pickaxe":1,"minecraft:iron_sword":1,"minecraft:birch_planks":68,"minecraft:stone_axe":1,"minecraft:enchanted_book":16,"minecraft:bread":225,"minecraft:air":0,"minecraft:apple":128,"minecraft:shield":1,"minecraft:stick":12,"minecraft:iron_ingot":30,"minecraft:iron_pickaxe":1,"minecraft:iron_block":3,"minecraft:stone_sword":1,"minecraft:anvil":1,"minecraft:diamond_chestplate":1},"minecraft:custom":{"minecraft:mob_kills":35,"minecraft:interact_with_anvil":18,"minecraft:interact_with_crafting_table":22,"minecraft:open_barrel":4,"minecraft:leave_game":2,"minecraft:time_since_death":34493,"minecraft:climb_one_cm":29997,"minecraft:sprint_one_cm":509615,"minecraft:walk_one_cm":300257,"minecraft:damage_blocked_by_shield":1725,"minecraft:drop":72,"minecraft:talked_to_villager":234,"minecraft:play_time":137434,"minecraft:deaths":4,"minecraft:sneak_time":4708,"minecraft:walk_under_water_one_cm":1077,"minecraft:jump":3326,"minecraft:walk_on_water_one_cm":12370,"minecraft:total_world_time":137434,"minecraft:interact_with_furnace":38,"minecraft:traded_with_villager":394,"minecraft:interact_with_grindstone":3,"minecraft:sleep_in_bed":30,"minecraft:time_since_rest":3536,"minecraft:damage_taken":4300,"minecraft:damage_dealt":3317,"minecraft:swim_one_cm":6622,"minecraft:fly_one_cm":700582,"minecraft:player_kills":9,"minecraft:open_chest":190,"minecraft:crouch_one_cm":6186,"minecraft:fall_one_cm":74900},"minecraft:mined":{"minecraft:white_bed":2,"minecraft:grass_block":11,"minecraft:furnace":1,"minecraft:iron_ore":31,"minecraft:andesite":1,"minecraft:anvil":4,"minecraft:bookshelf":7,"minecraft:stone":53,"minecraft:tripwire":2,"minecraft:crafting_table":3,"minecraft:tall_grass":2,"minecraft:damaged_anvil":5,"minecraft:oak_planks":7,"minecraft:sugar_cane":1,"minecraft:birch_planks":1,"minecraft:birch_log":17,"minecraft:birch_leaves":2,"minecraft:grass":35,"minecraft:coal_ore":43,"minecraft:oak_log":9,"minecraft:dirt":21,"minecraft:chipped_anvil":4,"minecraft:oak_leaves":15,"minecraft:deepslate":1},"minecraft:dropped":{"minecraft:porkchop":3,"minecraft:wheat_seeds":10,"minecraft:cooked_beef":7,"minecraft:diamond_leggings":2,"minecraft:book":9,"minecraft:leather":3,"minecraft:apple":499,"minecraft:emerald":3,"minecraft:dirt":1,"minecraft:wooden_axe":3,"minecraft:iron_pickaxe":1,"minecraft:chainmail_leggings":2,"minecraft:string":331,"minecraft:white_wool":5,"minecraft:stone_axe":3,"minecraft:sugar_cane":3,"minecraft:stone_sword":1,"minecraft:birch_sapling":1,"minecraft:raw_iron":1,"minecraft:rotten_flesh":15,"minecraft:flint_and_steel":1,"minecraft:poppy":11,"minecraft:shield":1,"minecraft:andesite":1,"minecraft:oak_sapling":10,"minecraft:stone_pickaxe":1},"minecraft:killed_by":{"minecraft:player":3},"minecraft:killed":{"minecraft:spider":1,"minecraft:horse":1,"minecraft:skeleton":6,"minecraft:pig":1,"minecraft:iron_golem":2,"minecraft:sheep":6,"minecraft:zombie":12,"minecraft:villager":3,"minecraft:cow":2},"minecraft:picked_up":{"minecraft:wooden_axe":3,"minecraft:crafting_table":7,"minecraft:anvil":3,"minecraft:enchanted_book":3,"minecraft:shield":2,"minecraft:string":683,"minecraft:flint_and_steel":1,"minecraft:diamond_leggings":3,"minecraft:beef":3,"minecraft:poppy":12,"minecraft:iron_pickaxe":2,"minecraft:light_gray_wool":1,"minecraft:sugar_cane":3,"minecraft:birch_sapling":2,"minecraft:furnace":2,"minecraft:raw_iron":31,"minecraft:stick":31,"minecraft:porkchop":2,"minecraft:stone_sword":1,"minecraft:arrow":23,"minecraft:rotten_flesh":15,"minecraft:diamond_chestplate":1,"minecraft:diamond_boots":1,"minecraft:mutton":9,"minecraft:cobblestone":80,"minecraft:white_wool":19,"minecraft:birch_log":26,"minecraft:cooked_beef":24,"minecraft:water_bucket":1,"minecraft:andesite":1,"minecraft:leather":5,"minecraft:birch_planks":19,"minecraft:oak_log":18,"minecraft:dirt":44,"minecraft:cooked_mutton":3,"minecraft:chipped_anvil":6,"minecraft:apple":366,"minecraft:bow":2,"minecraft:wheat_seeds":13,"minecraft:stone_pickaxe":1,"minecraft:iron_ingot":12,"minecraft:diamond_helmet":1,"minecraft:oak_planks":49,"minecraft:iron_sword":1,"minecraft:book":39,"minecraft:cooked_porkchop":3,"minecraft:white_bed":2,"minecraft:stone_axe":3,"minecraft:chainmail_leggings":2,"minecraft:emerald":159,"minecraft:bread":90,"minecraft:damaged_anvil":5,"minecraft:oak_sapling":10,"minecraft:coal":133,"minecraft:netherrack":117}},"DataVersion":3465}