{"stats":{"minecraft:used":{"minecraft:diamond_boots":2,"minecraft:stone_pickaxe":21,"minecraft:oak_planks":3,"minecraft:wooden_pickaxe":3,"minecraft:dirt":1,"minecraft:mutton":3,"minecraft:crafting_table":2,"minecraft:diamond_helmet":3,"minecraft:bookshelf":7,"minecraft:light_gray_wool":1,"minecraft:diamond_chestplate":2,"minecraft:stone_axe":36,"minecraft:cooked_porkchop":4,"minecraft:porkchop":2,"minecraft:egg":1,"minecraft:cooked_beef":1,"minecraft:diamond_leggings":1},"minecraft:crafted":{"minecraft:oak_planks":36,"minecraft:emerald":19,"minecraft:crafting_table":1,"minecraft:wooden_pickaxe":1,"minecraft:iron_sword":1,"minecraft:birch_planks":28,"minecraft:enchanted_book":10,"minecraft:stone_axe":1,"minecraft:bookshelf":7,"minecraft:cooked_mutton":2,"minecraft:air":0,"minecraft:diamond_helmet":1,"minecraft:bow":1,"minecraft:diamond_leggings":1,"minecraft:stick":12,"minecraft:stone_pickaxe":1,"minecraft:stone_sword":1,"minecraft:diamond_boots":1,"minecraft:diamond_chestplate":1},"minecraft:custom":{"minecraft:interact_with_furnace":3,"minecraft:interact_with_anvil":3,"minecraft:mob_kills":6,"minecraft:traded_with_villager":40,"minecraft:interact_with_crafting_table":8,"minecraft:interact_with_grindstone":2,"minecraft:leave_game":1,"minecraft:time_since_death":16547,"minecraft:sleep_in_bed":7,"minecraft:climb_one_cm":3642,"minecraft:time_since_rest":7014,"minecraft:sprint_one_cm":107905,"minecraft:damage_taken":826,"minecraft:walk_one_cm":71059,"minecraft:drop":19,"minecraft:damage_dealt":704,"minecraft:swim_one_cm":2827,"minecraft:talked_to_villager":54,"minecraft:fly_one_cm":156263,"minecraft:open_chest":42,"minecraft:crouch_one_cm":746,"minecraft:play_time":29631,"minecraft:deaths":2,"minecraft:sneak_time":311,"minecraft:walk_under_water_one_cm":256,"minecraft:jump":643,"minecraft:walk_on_water_one_cm":2146,"minecraft:total_world_time":29631,"minecraft:fall_one_cm":15239},"minecraft:mined":{"minecraft:crafting_table":2,"minecraft:grass_block":3,"minecraft:tall_grass":2,"minecraft:oak_planks":3,"minecraft:sugar_cane":1,"minecraft:birch_planks":1,"minecraft:birch_log":17,"minecraft:birch_leaves":1,"minecraft:grass":15,"minecraft:bookshelf":7,"minecraft:oak_log":9,"minecraft:dirt":10,"minecraft:stone":24,"minecraft:oak_leaves":12},"minecraft:dropped":{"minecraft:sugar_cane":3,"minecraft:wheat_seeds":5,"minecraft:stone_sword":1,"minecraft:birch_sapling":1,"minecraft:wooden_axe":3,"minecraft:oak_sapling":10,"minecraft:string":11},"minecraft:killed_by":{"minecraft:player":1},"minecraft:killed":{"minecraft:pig":1,"minecraft:sheep":4,"minecraft:horse":1},"minecraft:picked_up":{"minecraft:wooden_axe":3,"minecraft:birch_log":26,"minecraft:crafting_table":3,"minecraft:cooked_beef":10,"minecraft:leather":4,"minecraft:birch_planks":19,"minecraft:oak_log":18,"minecraft:dirt":25,"minecraft:string":25,"minecraft:wheat_seeds":8,"minecraft:stone_pickaxe":1,"minecraft:light_gray_wool":1,"minecraft:sugar_cane":3,"minecraft:birch_sapling":2,"minecraft:oak_planks":10,"minecraft:book":21,"minecraft:stick":4,"minecraft:cooked_porkchop":3,"minecraft:porkchop":2,"minecraft:stone_sword":1,"minecraft:arrow":1,"minecraft:stone_axe":1,"minecraft:oak_sapling":10,"minecraft:mutton":6,"minecraft:white_wool":7,"minecraft:cobblestone":24}},"DataVersion":3465}