{"stats":{"minecraft:used":{"minecraft:poppy":2,"minecraft:shield":21,"minecraft:iron_sword":54,"minecraft:dirt":30,"minecraft:mutton":3,"minecraft:anvil":4,"minecraft:diamond_helmet":6,"minecraft:milk_bucket":1,"minecraft:chipped_anvil":2,"minecraft:bookshelf":7,"minecraft:light_gray_wool":1,"minecraft:diamond_chestplate":4,"minecraft:bow":264,"minecraft:furnace":1,"minecraft:egg":1,"minecraft:cooked_beef":1,"minecraft:cooked_mutton":2,"minecraft:water_bucket":5,"minecraft:diamond_boots":3,"minecraft:stone_pickaxe":21,"minecraft:oak_planks":14,"minecraft:wooden_pickaxe":3,"minecraft:crafting_table":3,"minecraft:white_bed":1,"minecraft:apple":11,"minecraft:bread":49,"minecraft:string":4,"minecraft:iron_pickaxe":115,"minecraft:stone_axe":36,"minecraft:cooked_porkchop":4,"minecraft:porkchop":2,"minecraft:bucket":6,"minecraft:diamond_leggings":3},"minecraft:crafted":{"minecraft:oak_planks":36,"minecraft:furnace":1,"minecraft:bookshelf":7,"minecraft:cooked_mutton":5,"minecraft:diamond_helmet":1,"minecraft:bow":1,"minecraft:diamond_leggings":1,"minecraft:stone_pickaxe":1,"minecraft:diamond_boots":1,"minecraft:wheat":99,"minecraft:cooked_beef":3,"minecraft:emerald":170,"minecraft:crafting_table":1,"minecraft:wooden_pickaxe":1,"minecraft:iron_sword":1,"minecraft:birch_planks":68,"minecraft:stone_axe":1,"minecraft:enchanted_book":12,"minecraft:bread":129,"minecraft:air":0,"minecraft:apple":128,"minecraft:shield":1,"minecraft:stick":12,"minecraft:iron_ingot":30,"minecraft:iron_pickaxe":1,"minecraft:iron_block":3,"minecraft:stone_sword":1,"minecraft:anvil":1,"minecraft:diamond_chestplate":1},"minecraft:custom":{"minecraft:mob_kills":24,"minecraft:interact_with_anvil":10,"minecraft:interact_with_crafting_table":22,"minecraft:open_barrel":3,"minecraft:leave_game":2,"minecraft:time_since_death":10493,"minecraft:climb_one_cm":18090,"minecraft:sprint_one_cm":424386,"minecraft:walk_one_cm":242905,"minecraft:damage_blocked_by_shield":1725,"minecraft:drop":54,"minecraft:talked_to_villager":162,"minecraft:play_time":113434,"minecraft:deaths":4,"minecraft:sneak_time":4571,"minecraft:walk_under_water_one_cm":635,"minecraft:jump":2894,"minecraft:walk_on_water_one_cm":11493,"minecraft:total_world_time":113434,"minecraft:interact_with_furnace":38,"minecraft:traded_with_villager":241,"minecraft:interact_with_grindstone":3,"minecraft:sleep_in_bed":25,"minecraft:time_since_rest":10519,"minecraft:damage_taken":3592,"minecraft:damage_dealt":3007,"minecraft:swim_one_cm":6374,"minecraft:fly_one_cm":614396,"minecraft:player_kills":7,"minecraft:open_chest":134,"minecraft:crouch_one_cm":6120,"minecraft:fall_one_cm":71059},"minecraft:mined":{"minecraft:white_bed":1,"minecraft:grass_block":11,"minecraft:furnace":1,"minecraft:iron_ore":31,"minecraft:andesite":1,"minecraft:anvil":4,"minecraft:bookshelf":7,"minecraft:stone":53,"minecraft:tripwire":1,"minecraft:crafting_table":3,"minecraft:tall_grass":2,"minecraft:oak_planks":7,"minecraft:sugar_cane":1,"minecraft:birch_planks":1,"minecraft:birch_log":17,"minecraft:birch_leaves":2,"minecraft:grass":32,"minecraft:coal_ore":43,"minecraft:oak_log":9,"minecraft:dirt":21,"minecraft:chipped_anvil":4,"minecraft:oak_leaves":15,"minecraft:deepslate":1},"minecraft:dropped":{"minecraft:porkchop":3,"minecraft:wheat_seeds":9,"minecraft:diamond_leggings":1,"minecraft:book":9,"minecraft:leather":3,"minecraft:apple":499,"minecraft:emerald":3,"minecraft:wooden_axe":3,"minecraft:iron_pickaxe":1,"minecraft:string":267,"minecraft:white_wool":5,"minecraft:stone_axe":2,"minecraft:sugar_cane":3,"minecraft:stone_sword":1,"minecraft:birch_sapling":1,"minecraft:raw_iron":1,"minecraft:poppy":2,"minecraft:shield":1,"minecraft:andesite":1,"minecraft:oak_sapling":10,"minecraft:stone_pickaxe":1},"minecraft:killed_by":{"minecraft:player":3},"minecraft:killed":{"minecraft:spider":1,"minecraft:horse":1,"minecraft:skeleton":6,"minecraft:pig":1,"minecraft:sheep":6,"minecraft:zombie":4,"minecraft:villager":2,"minecraft:cow":2},"minecraft:picked_up":{"minecraft:wooden_axe":3,"minecraft:crafting_table":7,"minecraft:anvil":3,"minecraft:enchanted_book":3,"minecraft:shield":2,"minecraft:string":679,"minecraft:diamond_leggings":2,"minecraft:beef":3,"minecraft:poppy":3,"minecraft:iron_pickaxe":2,"minecraft:light_gray_wool":1,"minecraft:sugar_cane":3,"minecraft:birch_sapling":2,"minecraft:furnace":2,"minecraft:raw_iron":31,"minecraft:stick":28,"minecraft:porkchop":2,"minecraft:stone_sword":1,"minecraft:arrow":14,"minecraft:diamond_chestplate":1,"minecraft:diamond_boots":1,"minecraft:mutton":9,"minecraft:cobblestone":80,"minecraft:white_wool":19,"minecraft:birch_log":26,"minecraft:cooked_beef":17,"minecraft:water_bucket":1,"minecraft:andesite":1,"minecraft:leather":5,"minecraft:birch_planks":19,"minecraft:oak_log":18,"minecraft:dirt":42,"minecraft:cooked_mutton":3,"minecraft:chipped_anvil":6,"minecraft:apple":366,"minecraft:bow":2,"minecraft:wheat_seeds":12,"minecraft:stone_pickaxe":1,"minecraft:iron_ingot":8,"minecraft:diamond_helmet":1,"minecraft:oak_planks":49,"minecraft:iron_sword":1,"minecraft:book":39,"minecraft:cooked_porkchop":3,"minecraft:white_bed":1,"minecraft:stone_axe":2,"minecraft:emerald":159,"minecraft:bread":90,"minecraft:oak_sapling":10,"minecraft:coal":133,"minecraft:netherrack":117}},"DataVersion":3465}