{"stats":{"minecraft:used":{"minecraft:stone_pickaxe":21,"minecraft:oak_planks":3,"minecraft:wooden_pickaxe":3,"minecraft:stone_axe":29,"minecraft:mutton":3,"minecraft:crafting_table":2,"minecraft:porkchop":2,"minecraft:cooked_porkchop":3,"minecraft:egg":1,"minecraft:cooked_beef":1},"minecraft:crafted":{"minecraft:diamond_helmet":1,"minecraft:diamond_leggings":1,"minecraft:crafting_table":1,"minecraft:stick":8,"minecraft:wooden_pickaxe":1,"minecraft:stone_pickaxe":1,"minecraft:stone_sword":1,"minecraft:diamond_boots":1,"minecraft:birch_planks":28,"minecraft:stone_axe":1,"minecraft:air":0,"minecraft:cooked_mutton":2,"minecraft:diamond_chestplate":1},"minecraft:custom":{"minecraft:time_since_rest":4574,"minecraft:interact_with_furnace":3,"minecraft:sprint_one_cm":70645,"minecraft:damage_taken":795,"minecraft:walk_one_cm":41397,"minecraft:mob_kills":6,"minecraft:drop":5,"minecraft:damage_dealt":692,"minecraft:traded_with_villager":4,"minecraft:swim_one_cm":2827,"minecraft:interact_with_crafting_table":6,"minecraft:talked_to_villager":5,"minecraft:fly_one_cm":112860,"minecraft:open_chest":21,"minecraft:crouch_one_cm":739,"minecraft:play_time":17631,"minecraft:deaths":2,"minecraft:sneak_time":288,"minecraft:walk_under_water_one_cm":256,"minecraft:jump":463,"minecraft:leave_game":1,"minecraft:time_since_death":4547,"minecraft:walk_on_water_one_cm":1421,"minecraft:total_world_time":17631,"minecraft:climb_one_cm":755,"minecraft:fall_one_cm":12522},"minecraft:mined":{"minecraft:birch_planks":1,"minecraft:birch_log":17,"minecraft:birch_leaves":1,"minecraft:crafting_table":2,"minecraft:grass":15,"minecraft:grass_block":3,"minecraft:oak_log":9,"minecraft:dirt":9,"minecraft:tall_grass":2,"minecraft:stone":24,"minecraft:sugar_cane":1,"minecraft:oak_planks":3,"minecraft:oak_leaves":12},"minecraft:dropped":{"minecraft:wheat_seeds":2,"minecraft:string":5},"minecraft:killed_by":{"minecraft:player":1},"minecraft:killed":{"minecraft:horse":1,"minecraft:sheep":4,"minecraft:pig":1},"minecraft:picked_up":{"minecraft:birch_log":26,"minecraft:stick":4,"minecraft:crafting_table":3,"minecraft:cooked_beef":10,"minecraft:cooked_porkchop":3,"minecraft:leather":4,"minecraft:birch_planks":19,"minecraft:porkchop":2,"minecraft:oak_log":18,"minecraft:string":5,"minecraft:dirt":24,"minecraft:stone_sword":1,"minecraft:stone_axe":1,"minecraft:wheat_seeds":8,"minecraft:stone_pickaxe":1,"minecraft:light_gray_wool":1,"minecraft:oak_sapling":10,"minecraft:mutton":6,"minecraft:sugar_cane":3,"minecraft:birch_sapling":2,"minecraft:oak_planks":10,"minecraft:white_wool":7,"minecraft:cobblestone":24}},"DataVersion":3465}