{"stats":{"minecraft:used":{"minecraft:oak_trapdoor":5,"minecraft:poppy":1,"minecraft:chest":14,"minecraft:shield":32,"minecraft:iron_sword":78,"minecraft:bell":3,"minecraft:oak_door":1,"minecraft:iron_chestplate":1,"minecraft:torch":2,"minecraft:dirt":30,"minecraft:anvil":1,"minecraft:hopper":6,"minecraft:tuff":39,"minecraft:granite":7,"minecraft:wooden_axe":39,"minecraft:chipped_anvil":1,"minecraft:oak_stairs":1,"minecraft:barrel":23,"minecraft:tripwire_hook":4,"minecraft:furnace":8,"minecraft:cobbled_deepslate":87,"minecraft:iron_leggings":2,"minecraft:pointed_dripstone":2,"minecraft:cooked_mutton":11,"minecraft:water_bucket":50,"minecraft:birch_planks":8,"minecraft:stone_pickaxe":75,"minecraft:oak_planks":480,"minecraft:wooden_pickaxe":19,"minecraft:diamond_axe":303,"minecraft:golden_apple":3,"minecraft:crafting_table":9,"minecraft:white_bed":62,"minecraft:dripstone_block":2,"minecraft:shears":3,"minecraft:oak_log":7,"minecraft:lever":2,"minecraft:diamond_pickaxe":517,"minecraft:diamond_shovel":88,"minecraft:bread":2,"minecraft:string":6,"minecraft:iron_pickaxe":228,"minecraft:lectern":104,"minecraft:stone_axe":254,"minecraft:diamond_sword":157,"minecraft:cobblestone":39,"minecraft:cooked_porkchop":26,"minecraft:andesite":6,"minecraft:bucket":51,"minecraft:yellow_bed":35,"minecraft:oak_boat":2,"minecraft:dandelion":3},"minecraft:broken":{"minecraft:stone_axe":2,"minecraft:wooden_axe":2},"minecraft:crafted":{"minecraft:oak_planks":644,"minecraft:oak_sign":3,"minecraft:barrel":5,"minecraft:tripwire_hook":2,"minecraft:furnace":5,"minecraft:lever":1,"minecraft:diamond_shovel":1,"minecraft:bookshelf":7,"minecraft:cooked_mutton":19,"minecraft:oak_trapdoor":2,"minecraft:hopper":6,"minecraft:diamond_helmet":1,"minecraft:diamond_leggings":1,"minecraft:stone_pickaxe":1,"minecraft:chest":13,"minecraft:diamond_boots":1,"minecraft:oak_slab":42,"minecraft:diamond_sword":1,"minecraft:emerald":439,"minecraft:cooked_porkchop":25,"minecraft:diamond_axe":1,"minecraft:crafting_table":5,"minecraft:wooden_pickaxe":1,"minecraft:iron_sword":1,"minecraft:bucket":1,"minecraft:birch_planks":72,"minecraft:stone_axe":1,"minecraft:enchanted_book":9,"minecraft:bread":96,"minecraft:air":0,"minecraft:apple":8,"minecraft:golden_apple":5,"minecraft:lectern":7,"minecraft:white_wool":80,"minecraft:iron_chestplate":1,"minecraft:diamond_pickaxe":2,"minecraft:shield":3,"minecraft:stick":20,"minecraft:iron_ingot":115,"minecraft:iron_pickaxe":1,"minecraft:wooden_axe":1,"minecraft:iron_block":3,"minecraft:gold_ingot":96,"minecraft:iron_leggings":1,"minecraft:anvil":1,"minecraft:white_bed":36,"minecraft:torch":12,"minecraft:shears":1,"minecraft:diamond_chestplate":1},"minecraft:mined":{"minecraft:large_amethyst_bud":2,"minecraft:tuff":42,"minecraft:white_bed":26,"minecraft:mossy_cobblestone":30,"minecraft:deepslate_diamond_ore":44,"minecraft:oak_door":2,"minecraft:sculk_vein":1,"minecraft:brewing_stand":2,"minecraft:lever":1,"minecraft:granite":7,"minecraft:grass_block":40,"minecraft:spruce_leaves":6,"minecraft:composter":3,"minecraft:oak_trapdoor":3,"minecraft:furnace":2,"minecraft:carrots":4,"minecraft:iron_ore":89,"minecraft:barrel":18,"minecraft:andesite":7,"minecraft:deepslate_lapis_ore":1,"minecraft:azure_bluet":20,"minecraft:bell":2,"minecraft:bookshelf":4,"minecraft:pointed_dripstone":2,"minecraft:potatoes":2,"minecraft:deepslate_iron_ore":10,"minecraft:oak_stairs":2,"minecraft:stripped_oak_log":3,"minecraft:stone":162,"minecraft:smithing_table":2,"minecraft:deepslate_redstone_ore":19,"minecraft:amethyst_cluster":8,"minecraft:dandelion":16,"minecraft:crafting_table":4,"minecraft:blast_furnace":1,"minecraft:chest":7,"minecraft:sculk_sensor":1,"minecraft:lectern":99,"minecraft:tall_grass":4,"minecraft:lapis_ore":10,"minecraft:deepslate_gold_ore":41,"minecraft:sugar_cane":20,"minecraft:oak_planks":176,"minecraft:sculk":5,"minecraft:birch_log":19,"minecraft:yellow_bed":35,"minecraft:grass":104,"minecraft:oak_log":165,"minecraft:coal_ore":90,"minecraft:dripstone_block":2,"minecraft:gravel":24,"minecraft:sand":2,"minecraft:dirt":74,"minecraft:tripwire_hook":2,"minecraft:chipped_anvil":1,"minecraft:gold_ore":8,"minecraft:deepslate_emerald_ore":1,"minecraft:oak_leaves":21,"minecraft:deepslate":215,"minecraft:infested_stone":2,"minecraft:infested_deepslate":1},"minecraft:killed":{"minecraft:witch":3,"minecraft:vindicator":7,"minecraft:spider":6,"minecraft:skeleton":4,"minecraft:drowned":1,"minecraft:wolf":1,"minecraft:pig":13,"minecraft:iron_golem":1,"minecraft:creeper":1,"minecraft:sheep":11,"minecraft:pillager":13,"minecraft:zombie":19,"minecraft:villager":1},"minecraft:dropped":{"minecraft:bread":109,"minecraft:wheat_seeds":1,"minecraft:wooden_axe":1,"minecraft:spider_eye":1,"minecraft:wooden_pickaxe":1},"minecraft:picked_up":{"minecraft:wooden_axe":2,"minecraft:crafting_table":4,"minecraft:iron_chestplate":1,"minecraft:azure_bluet":18,"minecraft:anvil":1,"minecraft:leather_leggings":1,"minecraft:smithing_table":2,"minecraft:wooden_pickaxe":2,"minecraft:oak_stairs":2,"minecraft:potion":1,"minecraft:enchanted_book":2,"minecraft:brewing_stand":3,"minecraft:shield":1,"minecraft:oak_trapdoor":3,"minecraft:string":9686,"minecraft:iron_leggings":1,"minecraft:cobbled_deepslate":215,"minecraft:oak_boat":3,"minecraft:poppy":2,"minecraft:iron_pickaxe":1,"minecraft:lectern":99,"minecraft:sugar_cane":108,"minecraft:chest":7,"minecraft:furnace":3,"minecraft:stick":7,"minecraft:raw_iron":123,"minecraft:oak_door":2,"minecraft:composter":3,"minecraft:torch":2,"minecraft:porkchop":39,"minecraft:pointed_dripstone":2,"minecraft:carrot":12,"minecraft:redstone":102,"minecraft:arrow":4,"minecraft:rotten_flesh":17,"minecraft:saddle":1,"minecraft:mutton":38,"minecraft:white_wool":32,"minecraft:cobblestone":171,"minecraft:birch_log":18,"minecraft:stripped_oak_log":3,"minecraft:tripwire_hook":2,"minecraft:water_bucket":1,"minecraft:andesite":6,"minecraft:potato":8,"minecraft:filled_map":1,"minecraft:flint":15,"minecraft:tuff":41,"minecraft:oak_log":165,"minecraft:yellow_bed":36,"minecraft:gunpowder":1,"minecraft:lapis_lazuli":69,"minecraft:dirt":104,"minecraft:white_banner":5,"minecraft:bone":2,"minecraft:chipped_anvil":1,"minecraft:apple":9,"minecraft:wheat_seeds":12,"minecraft:raw_gold":96,"minecraft:bell":3,"minecraft:iron_ingot":5,"minecraft:glass_bottle":1,"minecraft:glowstone_dust":3,"minecraft:iron_sword":1,"minecraft:oak_planks":178,"minecraft:book":12,"minecraft:cooked_porkchop":6,"minecraft:dandelion":17,"minecraft:dripstone_block":2,"minecraft:gravel":8,"minecraft:sand":1,"minecraft:amethyst_shard":68,"minecraft:blast_furnace":1,"minecraft:white_bed":26,"minecraft:barrel":18,"minecraft:spider_eye":1,"minecraft:diamond":82,"minecraft:stone_axe":1,"minecraft:lever":1,"minecraft:crossbow":3,"minecraft:granite":7,"minecraft:emerald":7,"minecraft:bread":6,"minecraft:oak_sapling":13,"minecraft:coal":195},"minecraft:custom":{"minecraft:interact_with_anvil":8,"minecraft:mob_kills":86,"minecraft:interact_with_crafting_table":48,"minecraft:bell_ring":2,"minecraft:leave_game":3,"minecraft:time_since_death":128291,"minecraft:climb_one_cm":895,"minecraft:sprint_one_cm":954855,"minecraft:walk_one_cm":419105,"minecraft:damage_blocked_by_shield":1538,"minecraft:drop":113,"minecraft:talked_to_villager":254,"minecraft:play_time":265549,"minecraft:sneak_time":6603,"minecraft:deaths":3,"minecraft:walk_under_water_one_cm":19183,"minecraft:boat_one_cm":270461,"minecraft:jump":6200,"minecraft:interact_with_brewingstand":1,"minecraft:walk_on_water_one_cm":27794,"minecraft:total_world_time":265549,"minecraft:interact_with_furnace":53,"minecraft:traded_with_villager":472,"minecraft:raid_trigger":1,"minecraft:sleep_in_bed":11,"minecraft:time_since_rest":8664,"minecraft:damage_absorbed":120,"minecraft:damage_taken":4701,"minecraft:damage_dealt":15127,"minecraft:swim_one_cm":29158,"minecraft:fly_one_cm":1322502,"minecraft:open_chest":79,"minecraft:crouch_one_cm":18859,"minecraft:fall_one_cm":199677}},"DataVersion":3465}