{"stats":{"minecraft:used":{"minecraft:cooked_mutton":1,"minecraft:water_bucket":1,"minecraft:stone_pickaxe":22,"minecraft:poppy":1,"minecraft:oak_planks":3,"minecraft:chest":2,"minecraft:wooden_pickaxe":19,"minecraft:iron_sword":35,"minecraft:torch":2,"minecraft:crafting_table":4,"minecraft:white_bed":2,"minecraft:wooden_axe":39,"minecraft:bread":1,"minecraft:stone_axe":34,"minecraft:cobblestone":3,"minecraft:furnace":2,"minecraft:cooked_porkchop":11,"minecraft:bucket":2,"minecraft:oak_boat":2},"minecraft:crafted":{"minecraft:oak_planks":52,"minecraft:cooked_porkchop":10,"minecraft:crafting_table":3,"minecraft:wooden_pickaxe":1,"minecraft:iron_sword":1,"minecraft:furnace":1,"minecraft:bucket":1,"minecraft:stone_axe":1,"minecraft:cooked_mutton":5,"minecraft:air":0,"minecraft:iron_chestplate":1,"minecraft:shield":1,"minecraft:stick":12,"minecraft:iron_ingot":4,"minecraft:stone_pickaxe":1,"minecraft:wooden_axe":1,"minecraft:chest":1,"minecraft:white_bed":1,"minecraft:torch":12},"minecraft:custom":{"minecraft:interact_with_furnace":19,"minecraft:mob_kills":33,"minecraft:interact_with_crafting_table":11,"minecraft:time_since_death":41609,"minecraft:sleep_in_bed":3,"minecraft:time_since_rest":8461,"minecraft:sprint_one_cm":172913,"minecraft:damage_taken":881,"minecraft:walk_one_cm":40449,"minecraft:drop":4,"minecraft:damage_dealt":4911,"minecraft:swim_one_cm":20766,"minecraft:fly_one_cm":209552,"minecraft:open_chest":8,"minecraft:crouch_one_cm":2247,"minecraft:play_time":41609,"minecraft:sneak_time":756,"minecraft:walk_under_water_one_cm":4152,"minecraft:boat_one_cm":270461,"minecraft:jump":936,"minecraft:walk_on_water_one_cm":5415,"minecraft:total_world_time":41609,"minecraft:fall_one_cm":21807},"minecraft:mined":{"minecraft:white_bed":1,"minecraft:crafting_table":2,"minecraft:chest":3,"minecraft:sugar_cane":15,"minecraft:oak_planks":3,"minecraft:furnace":2,"minecraft:iron_ore":8,"minecraft:andesite":1,"minecraft:grass":2,"minecraft:oak_log":19,"minecraft:coal_ore":10,"minecraft:sand":2,"minecraft:stone":20,"minecraft:oak_leaves":1},"minecraft:dropped":{"minecraft:wheat_seeds":1,"minecraft:wooden_axe":1,"minecraft:spider_eye":1,"minecraft:wooden_pickaxe":1},"minecraft:killed":{"minecraft:pig":13,"minecraft:spider":1,"minecraft:iron_golem":1,"minecraft:sheep":11,"minecraft:skeleton":1,"minecraft:zombie":5,"minecraft:drowned":1},"minecraft:broken":{"minecraft:wooden_axe":2},"minecraft:picked_up":{"minecraft:wooden_axe":2,"minecraft:crafting_table":2,"minecraft:wooden_pickaxe":2,"minecraft:potato":3,"minecraft:filled_map":1,"minecraft:oak_log":19,"minecraft:brewing_stand":1,"minecraft:yellow_bed":1,"minecraft:string":2,"minecraft:apple":6,"minecraft:wheat_seeds":2,"minecraft:iron_ingot":5,"minecraft:oak_boat":3,"minecraft:poppy":1,"minecraft:sugar_cane":97,"minecraft:chest":3,"minecraft:oak_planks":6,"minecraft:furnace":3,"minecraft:stick":1,"minecraft:raw_iron":8,"minecraft:cooked_porkchop":6,"minecraft:torch":2,"minecraft:porkchop":39,"minecraft:sand":1,"minecraft:white_bed":1,"minecraft:spider_eye":1,"minecraft:rotten_flesh":6,"minecraft:stone_axe":1,"minecraft:emerald":1,"minecraft:mutton":37,"minecraft:coal":16,"minecraft:white_wool":16,"minecraft:cobblestone":28}},"DataVersion":3465}