{"stats":{"minecraft:picked_up":{"minecraft:crafting_table":4,"minecraft:azure_bluet":2,"minecraft:oak_stairs":3,"minecraft:brewing_stand":1,"minecraft:shield":1,"minecraft:oak_trapdoor":1,"minecraft:string":14137,"minecraft:iron_axe":1,"minecraft:iron_shovel":1,"minecraft:cartography_table":2,"minecraft:bucket":1,"minecraft:beef":11,"minecraft:poppy":4,"minecraft:lectern":175,"minecraft:chest":6,"minecraft:egg":3,"minecraft:furnace":2,"minecraft:stick":3,"minecraft:raw_iron":13,"minecraft:oak_door":1,"minecraft:composter":7,"minecraft:porkchop":9,"minecraft:arrow":4,"minecraft:rotten_flesh":2,"minecraft:shears":1,"minecraft:hay_block":45,"minecraft:mutton":7,"minecraft:cod":6,"minecraft:cobblestone":23,"minecraft:white_wool":29,"minecraft:birch_log":18,"minecraft:leather":4,"minecraft:flint":1,"minecraft:oak_log":221,"minecraft:yellow_bed":6,"minecraft:gunpowder":3,"minecraft:map":3,"minecraft:lapis_lazuli":36,"minecraft:dirt":199,"minecraft:paper":11,"minecraft:bone":2,"minecraft:apple":5,"minecraft:bow":1,"minecraft:wheat_seeds":10,"minecraft:iron_ingot":15,"minecraft:oak_planks":31,"minecraft:book":30,"minecraft:oak_slab":8,"minecraft:dandelion":8,"minecraft:gravel":16,"minecraft:ink_sac":1,"minecraft:white_bed":33,"minecraft:barrel":18,"minecraft:spider_eye":1,"minecraft:bread":3,"minecraft:oak_sapling":8,"minecraft:coal":28},"minecraft:broken":{"minecraft:iron_axe":1},"minecraft:killed":{"minecraft:spider":6,"minecraft:skeleton":2,"minecraft:pig":3,"minecraft:iron_golem":3,"minecraft:creeper":3,"minecraft:zombie":5,"minecraft:cow":4},"minecraft:custom":{"minecraft:mob_kills":26,"minecraft:interact_with_crafting_table":26,"minecraft:open_barrel":5,"minecraft:leave_game":1,"minecraft:time_since_death":109135,"minecraft:sprint_one_cm":483595,"minecraft:walk_one_cm":253984,"minecraft:damage_blocked_by_shield":285,"minecraft:drop":188,"minecraft:talked_to_villager":353,"minecraft:play_time":148291,"minecraft:deaths":1,"minecraft:sneak_time":1889,"minecraft:walk_under_water_one_cm":1552,"minecraft:jump":3490,"minecraft:walk_on_water_one_cm":26975,"minecraft:total_world_time":148291,"minecraft:interact_with_furnace":32,"minecraft:traded_with_villager":641,"minecraft:sleep_in_bed":11,"minecraft:time_since_rest":13857,"minecraft:damage_taken":708,"minecraft:damage_dealt":6363,"minecraft:swim_one_cm":8581,"minecraft:fly_one_cm":615122,"minecraft:open_chest":56,"minecraft:crouch_one_cm":4379,"minecraft:fall_one_cm":49197},"minecraft:crafted":{"minecraft:oak_planks":872,"minecraft:barrel":5,"minecraft:tripwire_hook":2,"minecraft:birch_slab":18,"minecraft:furnace":2,"minecraft:lever":1,"minecraft:bookshelf":12,"minecraft:cooked_mutton":7,"minecraft:oak_trapdoor":2,"minecraft:iron_axe":3,"minecraft:ladder":12,"minecraft:iron_hoe":1,"minecraft:stone_pickaxe":1,"minecraft:chest":2,"minecraft:wheat":306,"minecraft:cooked_beef":11,"minecraft:oak_slab":36,"minecraft:emerald":603,"minecraft:cooked_porkchop":9,"minecraft:crafting_table":2,"minecraft:wooden_pickaxe":1,"minecraft:bucket":1,"minecraft:birch_planks":72,"minecraft:stone_axe":1,"minecraft:enchanted_book":8,"minecraft:bread":222,"minecraft:air":0,"minecraft:lectern":10,"minecraft:white_wool":148,"minecraft:shield":1,"minecraft:stick":56,"minecraft:iron_ingot":13,"minecraft:iron_pickaxe":1,"minecraft:wooden_axe":1,"minecraft:iron_shovel":1,"minecraft:white_bed":52,"minecraft:torch":16,"minecraft:shears":2},"minecraft:used":{"minecraft:oak_trapdoor":3,"minecraft:iron_shovel":199,"minecraft:chest":4,"minecraft:shield":6,"minecraft:torch":16,"minecraft:dirt":36,"minecraft:iron_hoe":46,"minecraft:wooden_axe":9,"minecraft:bookshelf":2,"minecraft:iron_axe":442,"minecraft:oak_stairs":3,"minecraft:barrel":16,"minecraft:tripwire_hook":2,"minecraft:furnace":4,"minecraft:oak_sapling":5,"minecraft:egg":1,"minecraft:cooked_mutton":7,"minecraft:water_bucket":5,"minecraft:stone_pickaxe":46,"minecraft:oak_planks":486,"minecraft:wooden_pickaxe":14,"minecraft:composter":2,"minecraft:crafting_table":6,"minecraft:white_bed":80,"minecraft:shears":2,"minecraft:oak_log":3,"minecraft:lever":1,"minecraft:bread":4,"minecraft:string":4,"minecraft:lectern":181,"minecraft:gravel":16,"minecraft:stone_axe":98,"minecraft:bucket":5,"minecraft:yellow_bed":6},"minecraft:mined":{"minecraft:white_bed":28,"minecraft:oak_door":1,"minecraft:brewing_stand":1,"minecraft:grass_block":188,"minecraft:composter":4,"minecraft:cartography_table":1,"minecraft:hay_block":45,"minecraft:oak_trapdoor":1,"minecraft:furnace":2,"minecraft:iron_ore":13,"minecraft:barrel":11,"minecraft:azure_bluet":2,"minecraft:bookshelf":6,"minecraft:oak_stairs":3,"minecraft:stone":23,"minecraft:dandelion":7,"minecraft:crafting_table":4,"minecraft:poppy":1,"minecraft:chest":3,"minecraft:lectern":174,"minecraft:lapis_ore":5,"minecraft:oak_planks":5,"minecraft:birch_log":18,"minecraft:yellow_bed":6,"minecraft:grass":60,"minecraft:oak_log":221,"minecraft:coal_ore":16,"minecraft:gravel":17,"minecraft:dirt":11,"minecraft:oak_leaves":41},"minecraft:killed_by":{"minecraft:iron_golem":1},"minecraft:dropped":{"minecraft:bread":185,"minecraft:dirt":18,"minecraft:string":1,"minecraft:azure_bluet":1}},"DataVersion":3465}