{"stats":{"minecraft:picked_up":{"minecraft:crafting_table":4,"minecraft:azure_bluet":2,"minecraft:leather":4,"minecraft:oak_stairs":3,"minecraft:flint":1,"minecraft:oak_log":123,"minecraft:brewing_stand":1,"minecraft:shield":1,"minecraft:yellow_bed":6,"minecraft:gunpowder":3,"minecraft:oak_trapdoor":1,"minecraft:map":3,"minecraft:lapis_lazuli":36,"minecraft:string":3387,"minecraft:dirt":190,"minecraft:paper":11,"minecraft:iron_axe":1,"minecraft:iron_shovel":1,"minecraft:bone":2,"minecraft:apple":5,"minecraft:bow":1,"minecraft:wheat_seeds":10,"minecraft:cartography_table":2,"minecraft:bucket":1,"minecraft:iron_ingot":15,"minecraft:beef":11,"minecraft:poppy":4,"minecraft:lectern":23,"minecraft:chest":6,"minecraft:oak_planks":31,"minecraft:egg":2,"minecraft:furnace":2,"minecraft:book":24,"minecraft:oak_slab":8,"minecraft:raw_iron":13,"minecraft:stick":3,"minecraft:oak_door":1,"minecraft:composter":7,"minecraft:dandelion":8,"minecraft:gravel":16,"minecraft:porkchop":9,"minecraft:ink_sac":1,"minecraft:white_bed":33,"minecraft:barrel":16,"minecraft:spider_eye":1,"minecraft:arrow":4,"minecraft:rotten_flesh":2,"minecraft:shears":1,"minecraft:hay_block":34,"minecraft:bread":1,"minecraft:oak_sapling":4,"minecraft:cod":6,"minecraft:mutton":7,"minecraft:coal":28,"minecraft:white_wool":13,"minecraft:cobblestone":23},"minecraft:killed":{"minecraft:pig":3,"minecraft:spider":6,"minecraft:iron_golem":3,"minecraft:creeper":3,"minecraft:skeleton":2,"minecraft:zombie":5,"minecraft:cow":4},"minecraft:custom":{"minecraft:interact_with_furnace":28,"minecraft:mob_kills":26,"minecraft:traded_with_villager":145,"minecraft:interact_with_crafting_table":18,"minecraft:open_barrel":1,"minecraft:time_since_death":26325,"minecraft:sleep_in_bed":6,"minecraft:time_since_rest":1709,"minecraft:sprint_one_cm":295658,"minecraft:damage_taken":698,"minecraft:walk_one_cm":141829,"minecraft:damage_blocked_by_shield":285,"minecraft:drop":26,"minecraft:damage_dealt":6363,"minecraft:talked_to_villager":59,"minecraft:fly_one_cm":324984,"minecraft:swim_one_cm":8174,"minecraft:open_chest":28,"minecraft:crouch_one_cm":3755,"minecraft:play_time":65481,"minecraft:deaths":1,"minecraft:sneak_time":1233,"minecraft:walk_under_water_one_cm":1385,"minecraft:jump":1349,"minecraft:walk_on_water_one_cm":6507,"minecraft:total_world_time":65481,"minecraft:fall_one_cm":26749},"minecraft:crafted":{"minecraft:cooked_beef":11,"minecraft:oak_slab":18,"minecraft:oak_planks":492,"minecraft:barrel":5,"minecraft:emerald":141,"minecraft:tripwire_hook":2,"minecraft:cooked_porkchop":9,"minecraft:crafting_table":1,"minecraft:wooden_pickaxe":1,"minecraft:furnace":2,"minecraft:lever":1,"minecraft:bucket":1,"minecraft:bookshelf":2,"minecraft:stone_axe":1,"minecraft:bread":126,"minecraft:cooked_mutton":7,"minecraft:air":0,"minecraft:oak_trapdoor":2,"minecraft:white_wool":64,"minecraft:lectern":2,"minecraft:shield":1,"minecraft:iron_axe":2,"minecraft:iron_hoe":1,"minecraft:stick":20,"minecraft:iron_ingot":13,"minecraft:iron_pickaxe":1,"minecraft:stone_pickaxe":1,"minecraft:wooden_axe":1,"minecraft:chest":2,"minecraft:iron_shovel":1,"minecraft:white_bed":2,"minecraft:shears":2,"minecraft:wheat":306},"minecraft:used":{"minecraft:oak_trapdoor":3,"minecraft:cooked_mutton":7,"minecraft:water_bucket":5,"minecraft:iron_shovel":199,"minecraft:stone_pickaxe":46,"minecraft:oak_planks":345,"minecraft:chest":4,"minecraft:wooden_pickaxe":14,"minecraft:shield":6,"minecraft:composter":2,"minecraft:dirt":36,"minecraft:crafting_table":5,"minecraft:white_bed":29,"minecraft:shears":1,"minecraft:iron_hoe":35,"minecraft:wooden_axe":9,"minecraft:lever":1,"minecraft:bread":1,"minecraft:oak_stairs":3,"minecraft:iron_axe":232,"minecraft:string":4,"minecraft:lectern":22,"minecraft:gravel":16,"minecraft:barrel":12,"minecraft:stone_axe":22,"minecraft:tripwire_hook":2,"minecraft:oak_sapling":2,"minecraft:furnace":4,"minecraft:bucket":5,"minecraft:yellow_bed":6},"minecraft:mined":{"minecraft:white_bed":28,"minecraft:oak_door":1,"minecraft:dandelion":7,"minecraft:brewing_stand":1,"minecraft:crafting_table":4,"minecraft:grass_block":186,"minecraft:poppy":1,"minecraft:chest":3,"minecraft:lectern":22,"minecraft:oak_planks":5,"minecraft:lapis_ore":5,"minecraft:composter":4,"minecraft:cartography_table":1,"minecraft:hay_block":34,"minecraft:oak_trapdoor":1,"minecraft:furnace":2,"minecraft:iron_ore":13,"minecraft:barrel":9,"minecraft:azure_bluet":2,"minecraft:yellow_bed":6,"minecraft:grass":60,"minecraft:bookshelf":4,"minecraft:coal_ore":16,"minecraft:oak_log":123,"minecraft:oak_stairs":3,"minecraft:gravel":17,"minecraft:dirt":4,"minecraft:stone":23,"minecraft:oak_leaves":11},"minecraft:killed_by":{"minecraft:iron_golem":1},"minecraft:dropped":{"minecraft:bread":24,"minecraft:azure_bluet":1,"minecraft:dirt":18}},"DataVersion":3465}