{"stats":{"minecraft:used":{"minecraft:oak_trapdoor":10,"minecraft:iron_shovel":262,"minecraft:flint_and_steel":1,"minecraft:poppy":2,"minecraft:ladder":9,"minecraft:chest":17,"minecraft:shield":22,"minecraft:netherrack":28,"minecraft:torch":21,"minecraft:dirt":122,"minecraft:anvil":3,"minecraft:hopper":2,"minecraft:diamond_helmet":1,"minecraft:tuff":20,"minecraft:wooden_axe":12,"minecraft:iron_hoe":46,"minecraft:bookshelf":9,"minecraft:iron_axe":695,"minecraft:oak_stairs":3,"minecraft:barrel":16,"minecraft:tripwire_hook":2,"minecraft:diamond_chestplate":1,"minecraft:bow":119,"minecraft:oak_sapling":5,"minecraft:furnace":9,"minecraft:egg":3,"minecraft:cooked_beef":5,"minecraft:cobbled_deepslate":8,"minecraft:cooked_mutton":7,"minecraft:water_bucket":28,"minecraft:diamond_boots":1,"minecraft:birch_planks":1,"minecraft:stone_pickaxe":46,"minecraft:oak_planks":736,"minecraft:ender_pearl":1,"minecraft:wooden_pickaxe":14,"minecraft:composter":2,"minecraft:crafting_table":8,"minecraft:white_bed":81,"minecraft:shears":8,"minecraft:oak_log":7,"minecraft:lever":1,"minecraft:diamond_pickaxe":346,"minecraft:bread":57,"minecraft:string":18,"minecraft:iron_pickaxe":162,"minecraft:lectern":360,"minecraft:gravel":16,"minecraft:stone_axe":110,"minecraft:diamond_sword":121,"minecraft:cobblestone":21,"minecraft:cooked_porkchop":3,"minecraft:bucket":30,"minecraft:yellow_bed":6},"minecraft:crafted":{"minecraft:oak_planks":1176,"minecraft:barrel":5,"minecraft:tripwire_hook":2,"minecraft:birch_slab":18,"minecraft:furnace":7,"minecraft:lever":1,"minecraft:bookshelf":23,"minecraft:cooked_mutton":7,"minecraft:flint_and_steel":1,"minecraft:oak_trapdoor":8,"minecraft:hopper":4,"minecraft:bow":1,"minecraft:diamond_helmet":1,"minecraft:diamond_leggings":1,"minecraft:iron_axe":3,"minecraft:ladder":12,"minecraft:iron_hoe":1,"minecraft:stone_pickaxe":1,"minecraft:chest":25,"minecraft:diamond_boots":1,"minecraft:wheat":306,"minecraft:cooked_beef":11,"minecraft:oak_slab":54,"minecraft:diamond_sword":1,"minecraft:emerald":2291,"minecraft:cooked_porkchop":9,"minecraft:crafting_table":3,"minecraft:wooden_pickaxe":1,"minecraft:smithing_table":1,"minecraft:bucket":1,"minecraft:birch_planks":72,"minecraft:stone_axe":1,"minecraft:enchanted_book":29,"minecraft:bread":318,"minecraft:air":0,"minecraft:lectern":14,"minecraft:white_wool":148,"minecraft:diamond_pickaxe":2,"minecraft:shield":1,"minecraft:stick":64,"minecraft:iron_ingot":112,"minecraft:iron_pickaxe":1,"minecraft:wooden_axe":2,"minecraft:iron_block":3,"minecraft:iron_shovel":1,"minecraft:anvil":1,"minecraft:white_bed":52,"minecraft:torch":16,"minecraft:shears":2,"minecraft:diamond_chestplate":1},"minecraft:custom":{"minecraft:interact_with_anvil":21,"minecraft:mob_kills":65,"minecraft:interact_with_crafting_table":50,"minecraft:open_barrel":14,"minecraft:leave_game":6,"minecraft:time_since_death":424190,"minecraft:climb_one_cm":41766,"minecraft:sprint_one_cm":1476565,"minecraft:damage_blocked_by_shield":1260,"minecraft:walk_one_cm":660291,"minecraft:drop":279,"minecraft:talked_to_villager":911,"minecraft:play_time":463346,"minecraft:sneak_time":10171,"minecraft:deaths":1,"minecraft:walk_under_water_one_cm":6436,"minecraft:jump":10100,"minecraft:walk_on_water_one_cm":107396,"minecraft:total_world_time":463346,"minecraft:interact_with_furnace":72,"minecraft:traded_with_villager":2376,"minecraft:sleep_in_bed":33,"minecraft:time_since_rest":14980,"minecraft:damage_taken":2866,"minecraft:damage_dealt":14167,"minecraft:player_kills":1,"minecraft:swim_one_cm":43038,"minecraft:fly_one_cm":2132660,"minecraft:open_chest":245,"minecraft:crouch_one_cm":17045,"minecraft:fall_one_cm":201613},"minecraft:mined":{"minecraft:diamond_ore":1,"minecraft:tuff":20,"minecraft:white_bed":28,"minecraft:deepslate_diamond_ore":38,"minecraft:oak_door":1,"minecraft:brewing_stand":1,"minecraft:obsidian":14,"minecraft:nether_bricks":1,"minecraft:ladder":2,"minecraft:grass_block":216,"minecraft:composter":4,"minecraft:cartography_table":1,"minecraft:hay_block":45,"minecraft:redstone_ore":3,"minecraft:oak_trapdoor":2,"minecraft:furnace":7,"minecraft:iron_ore":95,"minecraft:fire":8,"minecraft:barrel":11,"minecraft:anvil":2,"minecraft:azure_bluet":2,"minecraft:nether_brick_fence":2,"minecraft:bookshelf":13,"minecraft:dirt_path":1,"minecraft:deepslate_iron_ore":10,"minecraft:oak_stairs":3,"minecraft:stone":90,"minecraft:tripwire":10,"minecraft:crimson_nylium":6,"minecraft:dandelion":8,"minecraft:crafting_table":6,"minecraft:torch":1,"minecraft:poppy":2,"minecraft:chest":4,"minecraft:lectern":346,"minecraft:nether_quartz_ore":19,"minecraft:tall_grass":2,"minecraft:cobblestone":2,"minecraft:lapis_ore":7,"minecraft:oak_planks":16,"minecraft:sugar_cane":2,"minecraft:diorite":4,"minecraft:wall_torch":4,"minecraft:nether_wart_block":1,"minecraft:birch_log":18,"minecraft:yellow_bed":6,"minecraft:grass":80,"minecraft:oak_log":301,"minecraft:coal_ore":63,"minecraft:gravel":17,"minecraft:dirt":46,"minecraft:netherrack":43,"minecraft:gold_ore":1,"minecraft:oak_leaves":56,"minecraft:deepslate":137},"minecraft:dropped":{"minecraft:water_bucket":1,"minecraft:iron_ingot":1,"minecraft:bread":233,"minecraft:birch_planks":33,"minecraft:wheat_seeds":5,"minecraft:cooked_beef":6,"minecraft:ender_pearl":1,"minecraft:diamond":47,"minecraft:smithing_table":1,"minecraft:cooked_porkchop":6,"minecraft:diamond_leggings":2,"minecraft:feather":1,"minecraft:cobblestone":11,"minecraft:dirt":18,"minecraft:diorite":3,"minecraft:wooden_axe":1,"minecraft:diamond_helmet":2,"minecraft:string":93,"minecraft:bone":6,"minecraft:stone_axe":2,"minecraft:blaze_rod":7,"minecraft:oak_trapdoor":2,"minecraft:stone_sword":1,"minecraft:cobbled_deepslate":121,"minecraft:obsidian":14,"minecraft:rotten_flesh":20,"minecraft:oak_planks":31,"minecraft:azure_bluet":1,"minecraft:shears":3,"minecraft:diamond_sword":2,"minecraft:potato":5,"minecraft:gunpowder":4,"minecraft:diamond_chestplate":2,"minecraft:diamond_pickaxe":2,"minecraft:hopper":2,"minecraft:chest":8,"minecraft:spider_eye":4,"minecraft:diamond_boots":2,"minecraft:bow":2,"minecraft:arrow":1},"minecraft:killed_by":{"minecraft:iron_golem":1},"minecraft:killed":{"minecraft:spider":8,"minecraft:skeleton":7,"minecraft:drowned":2,"minecraft:pig":3,"minecraft:iron_golem":6,"minecraft:creeper":5,"minecraft:zombie":13,"minecraft:ghast":2,"minecraft:wither_skeleton":7,"minecraft:blaze":6,"minecraft:enderman":2,"minecraft:cow":4},"minecraft:broken":{"minecraft:iron_shovel":1,"minecraft:iron_axe":2,"minecraft:stone_axe":1},"minecraft:picked_up":{"minecraft:crafting_table":6,"minecraft:azure_bluet":2,"minecraft:nether_brick_fence":2,"minecraft:ladder":3,"minecraft:anvil":2,"minecraft:diamond_sword":2,"minecraft:oak_stairs":3,"minecraft:brewing_stand":1,"minecraft:shield":1,"minecraft:string":45731,"minecraft:oak_trapdoor":4,"minecraft:iron_axe":1,"minecraft:iron_shovel":1,"minecraft:diamond_leggings":2,"minecraft:cartography_table":2,"minecraft:cobbled_deepslate":129,"minecraft:bucket":1,"minecraft:beef":11,"minecraft:poppy":6,"minecraft:lectern":347,"minecraft:sugar_cane":4,"minecraft:chest":7,"minecraft:furnace":7,"minecraft:egg":6,"minecraft:stick":22,"minecraft:raw_iron":112,"minecraft:oak_door":1,"minecraft:composter":7,"minecraft:torch":5,"minecraft:porkchop":9,"minecraft:diorite":12,"minecraft:carrot":1,"minecraft:redstone":15,"minecraft:stone_sword":1,"minecraft:rotten_flesh":28,"minecraft:arrow":10,"minecraft:diamond_chestplate":2,"minecraft:nether_bricks":1,"minecraft:shears":3,"minecraft:diamond_boots":2,"minecraft:hay_block":45,"minecraft:blaze_rod":7,"minecraft:obsidian":14,"minecraft:mutton":7,"minecraft:cod":6,"minecraft:white_wool":29,"minecraft:cobblestone":101,"minecraft:birch_log":18,"minecraft:feather":1,"minecraft:leather":4,"minecraft:potato":5,"minecraft:birch_planks":33,"minecraft:flint":1,"minecraft:tuff":20,"minecraft:oak_log":301,"minecraft:nether_wart_block":1,"minecraft:yellow_bed":6,"minecraft:gunpowder":11,"minecraft:lapis_lazuli":44,"minecraft:map":3,"minecraft:paper":11,"minecraft:dirt":335,"minecraft:bone":32,"minecraft:apple":129,"minecraft:bow":3,"minecraft:wheat_seeds":17,"minecraft:iron_ingot":16,"minecraft:diamond_helmet":2,"minecraft:oak_planks":101,"minecraft:book":51,"minecraft:oak_slab":8,"minecraft:quartz":46,"minecraft:dandelion":8,"minecraft:gravel":16,"minecraft:ink_sac":1,"minecraft:white_bed":34,"minecraft:spider_eye":5,"minecraft:barrel":18,"minecraft:diamond":79,"minecraft:stone_axe":2,"minecraft:bread":4,"minecraft:oak_sapling":41,"minecraft:netherrack":49,"minecraft:coal":107,"minecraft:ender_pearl":2,"minecraft:diamond_pickaxe":2}},"DataVersion":3465}