{"stats":{"minecraft:used":{"minecraft:oak_trapdoor":3,"minecraft:cooked_mutton":1,"minecraft:water_bucket":3,"minecraft:stone_pickaxe":71,"minecraft:poppy":1,"minecraft:oak_planks":138,"minecraft:shield":2,"minecraft:chest":4,"minecraft:wooden_pickaxe":19,"minecraft:iron_sword":73,"minecraft:bell":1,"minecraft:torch":2,"minecraft:dirt":2,"minecraft:crafting_table":6,"minecraft:white_bed":4,"minecraft:shears":1,"minecraft:oak_log":7,"minecraft:wooden_axe":39,"minecraft:lever":1,"minecraft:bread":2,"minecraft:string":2,"minecraft:barrel":3,"minecraft:stone_axe":119,"minecraft:tripwire_hook":2,"minecraft:cobblestone":3,"minecraft:furnace":4,"minecraft:cooked_porkchop":17,"minecraft:bucket":3,"minecraft:yellow_bed":4,"minecraft:oak_boat":2,"minecraft:iron_leggings":1},"minecraft:crafted":{"minecraft:oak_slab":12,"minecraft:oak_planks":224,"minecraft:barrel":3,"minecraft:tripwire_hook":2,"minecraft:cooked_porkchop":25,"minecraft:crafting_table":4,"minecraft:wooden_pickaxe":1,"minecraft:iron_sword":1,"minecraft:furnace":1,"minecraft:lever":1,"minecraft:bucket":1,"minecraft:stone_axe":1,"minecraft:cooked_mutton":19,"minecraft:air":0,"minecraft:oak_trapdoor":2,"minecraft:iron_chestplate":1,"minecraft:shield":1,"minecraft:stick":16,"minecraft:iron_ingot":8,"minecraft:stone_pickaxe":1,"minecraft:wooden_axe":1,"minecraft:chest":1,"minecraft:iron_leggings":1,"minecraft:white_bed":1,"minecraft:torch":12,"minecraft:shears":1},"minecraft:custom":{"minecraft:interact_with_furnace":24,"minecraft:mob_kills":44,"minecraft:interact_with_crafting_table":16,"minecraft:bell_ring":2,"minecraft:leave_game":1,"minecraft:time_since_death":76601,"minecraft:sleep_in_bed":3,"minecraft:time_since_rest":43453,"minecraft:sprint_one_cm":312914,"minecraft:damage_taken":1456,"minecraft:walk_one_cm":85843,"minecraft:damage_blocked_by_shield":120,"minecraft:drop":4,"minecraft:damage_dealt":6985,"minecraft:talked_to_villager":7,"minecraft:swim_one_cm":26294,"minecraft:fly_one_cm":413461,"minecraft:open_chest":18,"minecraft:crouch_one_cm":4597,"minecraft:play_time":76601,"minecraft:sneak_time":1555,"minecraft:walk_under_water_one_cm":4933,"minecraft:boat_one_cm":270461,"minecraft:jump":1778,"minecraft:interact_with_brewingstand":1,"minecraft:walk_on_water_one_cm":11543,"minecraft:total_world_time":76601,"minecraft:fall_one_cm":44202},"minecraft:mined":{"minecraft:smithing_table":1,"minecraft:white_bed":3,"minecraft:mossy_cobblestone":30,"minecraft:dandelion":3,"minecraft:crafting_table":2,"minecraft:grass_block":5,"minecraft:chest":3,"minecraft:lectern":1,"minecraft:tall_grass":1,"minecraft:spruce_leaves":6,"minecraft:composter":1,"minecraft:sugar_cane":20,"minecraft:oak_planks":24,"minecraft:oak_trapdoor":1,"minecraft:furnace":2,"minecraft:iron_ore":8,"minecraft:andesite":1,"minecraft:azure_bluet":3,"minecraft:yellow_bed":3,"minecraft:bell":1,"minecraft:bookshelf":4,"minecraft:grass":27,"minecraft:oak_log":63,"minecraft:coal_ore":10,"minecraft:oak_stairs":1,"minecraft:dirt":7,"minecraft:sand":2,"minecraft:stone":20,"minecraft:oak_leaves":11},"minecraft:dropped":{"minecraft:wheat_seeds":1,"minecraft:wooden_axe":1,"minecraft:spider_eye":1,"minecraft:wooden_pickaxe":1},"minecraft:killed":{"minecraft:pig":13,"minecraft:spider":4,"minecraft:iron_golem":1,"minecraft:sheep":11,"minecraft:skeleton":3,"minecraft:zombie":11,"minecraft:drowned":1},"minecraft:broken":{"minecraft:stone_axe":1,"minecraft:wooden_axe":2},"minecraft:picked_up":{"minecraft:wooden_axe":2,"minecraft:crafting_table":2,"minecraft:azure_bluet":3,"minecraft:smithing_table":1,"minecraft:wooden_pickaxe":2,"minecraft:oak_stairs":1,"minecraft:potato":3,"minecraft:filled_map":1,"minecraft:oak_log":63,"minecraft:brewing_stand":1,"minecraft:yellow_bed":4,"minecraft:oak_trapdoor":1,"minecraft:dirt":3,"minecraft:string":7,"minecraft:bone":1,"minecraft:apple":6,"minecraft:wheat_seeds":7,"minecraft:bell":1,"minecraft:iron_ingot":5,"minecraft:oak_boat":3,"minecraft:poppy":1,"minecraft:lectern":1,"minecraft:sugar_cane":108,"minecraft:chest":3,"minecraft:oak_planks":26,"minecraft:furnace":3,"minecraft:book":12,"minecraft:stick":1,"minecraft:raw_iron":8,"minecraft:cooked_porkchop":6,"minecraft:composter":1,"minecraft:torch":2,"minecraft:dandelion":2,"minecraft:porkchop":39,"minecraft:sand":1,"minecraft:white_bed":3,"minecraft:spider_eye":1,"minecraft:arrow":2,"minecraft:rotten_flesh":10,"minecraft:stone_axe":1,"minecraft:emerald":1,"minecraft:oak_sapling":2,"minecraft:mutton":37,"minecraft:coal":16,"minecraft:white_wool":16,"minecraft:cobblestone":28}},"DataVersion":3465}