{"stats":{"minecraft:used":{"minecraft:stone_pickaxe":15,"minecraft:poppy":1,"minecraft:oak_planks":3,"minecraft:chest":2,"minecraft:wooden_pickaxe":19,"minecraft:iron_sword":20,"minecraft:torch":1,"minecraft:crafting_table":3,"minecraft:white_bed":1,"minecraft:wooden_axe":39,"minecraft:bread":1,"minecraft:stone_axe":33,"minecraft:cobblestone":3,"minecraft:furnace":1,"minecraft:cooked_porkchop":9,"minecraft:bucket":1,"minecraft:oak_boat":1},"minecraft:crafted":{"minecraft:oak_planks":52,"minecraft:cooked_porkchop":10,"minecraft:crafting_table":2,"minecraft:wooden_pickaxe":1,"minecraft:iron_sword":1,"minecraft:furnace":1,"minecraft:bucket":1,"minecraft:stone_axe":1,"minecraft:air":0,"minecraft:stick":12,"minecraft:stone_pickaxe":1,"minecraft:wooden_axe":1,"minecraft:chest":1,"minecraft:white_bed":1,"minecraft:torch":12},"minecraft:custom":{"minecraft:interact_with_furnace":9,"minecraft:mob_kills":29,"minecraft:interact_with_crafting_table":9,"minecraft:time_since_death":29609,"minecraft:sleep_in_bed":2,"minecraft:time_since_rest":14021,"minecraft:sprint_one_cm":118037,"minecraft:damage_taken":686,"minecraft:walk_one_cm":29110,"minecraft:drop":3,"minecraft:damage_dealt":4283,"minecraft:swim_one_cm":15602,"minecraft:fly_one_cm":140159,"minecraft:open_chest":6,"minecraft:crouch_one_cm":2247,"minecraft:play_time":29609,"minecraft:sneak_time":751,"minecraft:walk_under_water_one_cm":3301,"minecraft:boat_one_cm":230097,"minecraft:jump":591,"minecraft:walk_on_water_one_cm":2935,"minecraft:total_world_time":29609,"minecraft:fall_one_cm":12223},"minecraft:mined":{"minecraft:white_bed":1,"minecraft:crafting_table":1,"minecraft:chest":3,"minecraft:sugar_cane":15,"minecraft:oak_planks":3,"minecraft:furnace":1,"minecraft:iron_ore":4,"minecraft:grass":2,"minecraft:oak_log":19,"minecraft:coal_ore":10,"minecraft:sand":2,"minecraft:stone":19,"minecraft:oak_leaves":1},"minecraft:dropped":{"minecraft:wheat_seeds":1,"minecraft:wooden_axe":1,"minecraft:wooden_pickaxe":1},"minecraft:killed":{"minecraft:pig":13,"minecraft:iron_golem":1,"minecraft:sheep":11,"minecraft:skeleton":1,"minecraft:zombie":2,"minecraft:drowned":1},"minecraft:broken":{"minecraft:wooden_axe":2},"minecraft:picked_up":{"minecraft:wooden_axe":2,"minecraft:crafting_table":1,"minecraft:wooden_pickaxe":2,"minecraft:potato":3,"minecraft:filled_map":1,"minecraft:oak_log":19,"minecraft:brewing_stand":1,"minecraft:yellow_bed":1,"minecraft:apple":6,"minecraft:wheat_seeds":2,"minecraft:iron_ingot":5,"minecraft:oak_boat":2,"minecraft:poppy":1,"minecraft:sugar_cane":97,"minecraft:chest":3,"minecraft:oak_planks":6,"minecraft:furnace":2,"minecraft:stick":1,"minecraft:raw_iron":4,"minecraft:cooked_porkchop":6,"minecraft:torch":1,"minecraft:porkchop":39,"minecraft:sand":1,"minecraft:white_bed":1,"minecraft:rotten_flesh":4,"minecraft:stone_axe":1,"minecraft:emerald":1,"minecraft:mutton":23,"minecraft:coal":16,"minecraft:white_wool":16,"minecraft:cobblestone":27}},"DataVersion":3465}