{"stats":{"minecraft:used":{"minecraft:wooden_axe":15,"minecraft:crafting_table":1,"minecraft:wooden_pickaxe":15},"minecraft:crafted":{"minecraft:oak_planks":24,"minecraft:crafting_table":1,"minecraft:stick":8,"minecraft:wooden_pickaxe":1,"minecraft:wooden_axe":1},"minecraft:custom":{"minecraft:open_chest":1,"minecraft:time_since_rest":5609,"minecraft:crouch_one_cm":723,"minecraft:play_time":5609,"minecraft:sprint_one_cm":31658,"minecraft:damage_taken":10,"minecraft:walk_one_cm":6321,"minecraft:sneak_time":180,"minecraft:walk_under_water_one_cm":201,"minecraft:mob_kills":13,"minecraft:drop":1,"minecraft:jump":180,"minecraft:damage_dealt":1240,"minecraft:walk_on_water_one_cm":878,"minecraft:time_since_death":5609,"minecraft:total_world_time":5609,"minecraft:swim_one_cm":5818,"minecraft:interact_with_crafting_table":1,"minecraft:fall_one_cm":5943,"minecraft:fly_one_cm":51570},"minecraft:mined":{"minecraft:grass":2,"minecraft:oak_log":6,"minecraft:stone":15,"minecraft:sugar_cane":11},"minecraft:dropped":{"minecraft:wheat_seeds":1},"minecraft:killed":{"minecraft:sheep":3,"minecraft:pig":10},"minecraft:picked_up":{"minecraft:wheat_seeds":1,"minecraft:porkchop":24,"minecraft:oak_log":6,"minecraft:sugar_cane":31,"minecraft:mutton":4,"minecraft:white_wool":3,"minecraft:cobblestone":15}},"DataVersion":3465}