{"stats":{"minecraft:used":{"minecraft:oak_trapdoor":5,"minecraft:poppy":1,"minecraft:chest":4,"minecraft:shield":2,"minecraft:iron_sword":78,"minecraft:bell":2,"minecraft:iron_chestplate":1,"minecraft:torch":2,"minecraft:dirt":7,"minecraft:anvil":1,"minecraft:wooden_axe":39,"minecraft:barrel":9,"minecraft:tripwire_hook":4,"minecraft:furnace":4,"minecraft:cobbled_deepslate":4,"minecraft:iron_leggings":2,"minecraft:pointed_dripstone":2,"minecraft:cooked_mutton":1,"minecraft:water_bucket":47,"minecraft:stone_pickaxe":75,"minecraft:oak_planks":284,"minecraft:wooden_pickaxe":19,"minecraft:crafting_table":8,"minecraft:white_bed":23,"minecraft:dripstone_block":2,"minecraft:shears":3,"minecraft:oak_log":7,"minecraft:lever":2,"minecraft:diamond_pickaxe":134,"minecraft:bread":2,"minecraft:string":6,"minecraft:iron_pickaxe":228,"minecraft:lectern":23,"minecraft:stone_axe":254,"minecraft:cobblestone":36,"minecraft:cooked_porkchop":18,"minecraft:bucket":48,"minecraft:yellow_bed":29,"minecraft:oak_boat":2,"minecraft:dandelion":3},"minecraft:broken":{"minecraft:stone_axe":2,"minecraft:wooden_axe":2},"minecraft:mined":{"minecraft:white_bed":8,"minecraft:mossy_cobblestone":30,"minecraft:deepslate_diamond_ore":34,"minecraft:brewing_stand":2,"minecraft:lever":1,"minecraft:grass_block":10,"minecraft:spruce_leaves":6,"minecraft:composter":3,"minecraft:oak_trapdoor":3,"minecraft:furnace":2,"minecraft:carrots":4,"minecraft:iron_ore":87,"minecraft:barrel":6,"minecraft:andesite":1,"minecraft:deepslate_lapis_ore":1,"minecraft:azure_bluet":14,"minecraft:bell":2,"minecraft:bookshelf":4,"minecraft:pointed_dripstone":2,"minecraft:potatoes":2,"minecraft:deepslate_iron_ore":8,"minecraft:oak_stairs":1,"minecraft:stripped_oak_log":3,"minecraft:stone":61,"minecraft:smithing_table":2,"minecraft:deepslate_redstone_ore":14,"minecraft:dandelion":7,"minecraft:crafting_table":4,"minecraft:blast_furnace":1,"minecraft:chest":5,"minecraft:sculk_sensor":1,"minecraft:lectern":22,"minecraft:tall_grass":1,"minecraft:lapis_ore":10,"minecraft:deepslate_gold_ore":15,"minecraft:sugar_cane":20,"minecraft:oak_planks":78,"minecraft:sculk":3,"minecraft:yellow_bed":29,"minecraft:grass":48,"minecraft:oak_log":106,"minecraft:coal_ore":57,"minecraft:dripstone_block":2,"minecraft:gravel":10,"minecraft:sand":2,"minecraft:dirt":7,"minecraft:tripwire_hook":2,"minecraft:chipped_anvil":1,"minecraft:gold_ore":8,"minecraft:oak_leaves":12,"minecraft:deepslate":97,"minecraft:infested_stone":2,"minecraft:infested_deepslate":1},"minecraft:crafted":{"minecraft:oak_planks":408,"minecraft:barrel":5,"minecraft:tripwire_hook":2,"minecraft:furnace":1,"minecraft:lever":1,"minecraft:bookshelf":1,"minecraft:cooked_mutton":19,"minecraft:oak_trapdoor":2,"minecraft:diamond_helmet":1,"minecraft:diamond_leggings":1,"minecraft:stone_pickaxe":1,"minecraft:chest":1,"minecraft:diamond_boots":1,"minecraft:oak_slab":18,"minecraft:emerald":134,"minecraft:cooked_porkchop":25,"minecraft:crafting_table":5,"minecraft:wooden_pickaxe":1,"minecraft:iron_sword":1,"minecraft:bucket":1,"minecraft:stone_axe":1,"minecraft:enchanted_book":2,"minecraft:bread":84,"minecraft:air":0,"minecraft:lectern":1,"minecraft:white_wool":16,"minecraft:iron_chestplate":1,"minecraft:diamond_pickaxe":1,"minecraft:shield":1,"minecraft:stick":20,"minecraft:iron_ingot":41,"minecraft:iron_pickaxe":1,"minecraft:wooden_axe":1,"minecraft:iron_block":3,"minecraft:iron_leggings":1,"minecraft:anvil":1,"minecraft:white_bed":15,"minecraft:torch":12,"minecraft:shears":1,"minecraft:diamond_chestplate":1},"minecraft:killed":{"minecraft:spider":4,"minecraft:skeleton":3,"minecraft:drowned":1,"minecraft:wolf":1,"minecraft:pig":13,"minecraft:iron_golem":1,"minecraft:sheep":11,"minecraft:zombie":11,"minecraft:villager":1},"minecraft:dropped":{"minecraft:bread":97,"minecraft:wheat_seeds":1,"minecraft:wooden_axe":1,"minecraft:spider_eye":1,"minecraft:wooden_pickaxe":1},"minecraft:picked_up":{"minecraft:wooden_axe":2,"minecraft:crafting_table":4,"minecraft:iron_chestplate":1,"minecraft:azure_bluet":14,"minecraft:anvil":1,"minecraft:smithing_table":2,"minecraft:wooden_pickaxe":2,"minecraft:oak_stairs":1,"minecraft:enchanted_book":2,"minecraft:brewing_stand":3,"minecraft:shield":1,"minecraft:oak_trapdoor":3,"minecraft:string":2731,"minecraft:iron_leggings":1,"minecraft:cobbled_deepslate":97,"minecraft:oak_boat":3,"minecraft:poppy":2,"minecraft:iron_pickaxe":1,"minecraft:lectern":22,"minecraft:sugar_cane":108,"minecraft:chest":5,"minecraft:furnace":3,"minecraft:stick":7,"minecraft:raw_iron":116,"minecraft:composter":3,"minecraft:torch":2,"minecraft:porkchop":39,"minecraft:pointed_dripstone":2,"minecraft:carrot":12,"minecraft:redstone":78,"minecraft:arrow":2,"minecraft:rotten_flesh":10,"minecraft:mutton":38,"minecraft:white_wool":32,"minecraft:cobblestone":70,"minecraft:stripped_oak_log":3,"minecraft:tripwire_hook":2,"minecraft:water_bucket":1,"minecraft:potato":8,"minecraft:filled_map":1,"minecraft:flint":2,"minecraft:oak_log":106,"minecraft:yellow_bed":30,"minecraft:lapis_lazuli":69,"minecraft:dirt":8,"minecraft:bone":1,"minecraft:chipped_anvil":1,"minecraft:apple":9,"minecraft:wheat_seeds":7,"minecraft:raw_gold":35,"minecraft:bell":2,"minecraft:iron_ingot":5,"minecraft:iron_sword":1,"minecraft:oak_planks":81,"minecraft:book":12,"minecraft:cooked_porkchop":6,"minecraft:dandelion":8,"minecraft:dripstone_block":2,"minecraft:gravel":8,"minecraft:sand":1,"minecraft:blast_furnace":1,"minecraft:white_bed":8,"minecraft:barrel":6,"minecraft:spider_eye":1,"minecraft:diamond":58,"minecraft:stone_axe":1,"minecraft:lever":1,"minecraft:emerald":1,"minecraft:bread":6,"minecraft:oak_sapling":10,"minecraft:coal":135},"minecraft:custom":{"minecraft:interact_with_anvil":1,"minecraft:mob_kills":46,"minecraft:interact_with_crafting_table":28,"minecraft:bell_ring":2,"minecraft:leave_game":3,"minecraft:time_since_death":32500,"minecraft:climb_one_cm":895,"minecraft:sprint_one_cm":693282,"minecraft:walk_one_cm":235488,"minecraft:damage_blocked_by_shield":120,"minecraft:drop":101,"minecraft:talked_to_villager":78,"minecraft:play_time":169758,"minecraft:sneak_time":4321,"minecraft:deaths":3,"minecraft:walk_under_water_one_cm":19183,"minecraft:boat_one_cm":270461,"minecraft:jump":3900,"minecraft:interact_with_brewingstand":1,"minecraft:walk_on_water_one_cm":22017,"minecraft:total_world_time":169758,"minecraft:interact_with_furnace":34,"minecraft:traded_with_villager":150,"minecraft:sleep_in_bed":6,"minecraft:time_since_rest":32604,"minecraft:damage_taken":3366,"minecraft:damage_dealt":7265,"minecraft:swim_one_cm":29158,"minecraft:fly_one_cm":941622,"minecraft:open_chest":33,"minecraft:crouch_one_cm":12136,"minecraft:fall_one_cm":140473}},"DataVersion":3465}