{"stats":{"minecraft:picked_up":{"minecraft:crafting_table":4,"minecraft:stick":3,"minecraft:raw_iron":13,"minecraft:leather":4,"minecraft:gravel":16,"minecraft:porkchop":9,"minecraft:flint":1,"minecraft:oak_log":72,"minecraft:white_bed":1,"minecraft:gunpowder":3,"minecraft:dirt":1,"minecraft:spider_eye":1,"minecraft:lapis_lazuli":36,"minecraft:string":3,"minecraft:bone":2,"minecraft:arrow":4,"minecraft:rotten_flesh":2,"minecraft:bow":1,"minecraft:beef":11,"minecraft:oak_sapling":2,"minecraft:mutton":7,"minecraft:coal":28,"minecraft:white_wool":4,"minecraft:cobblestone":23,"minecraft:furnace":2},"minecraft:killed":{"minecraft:skeleton":2,"minecraft:pig":3,"minecraft:zombie":5,"minecraft:spider":6,"minecraft:creeper":3,"minecraft:cow":4},"minecraft:custom":{"minecraft:time_since_rest":2672,"minecraft:interact_with_furnace":20,"minecraft:sprint_one_cm":68112,"minecraft:damage_taken":330,"minecraft:walk_one_cm":40681,"minecraft:damage_blocked_by_shield":285,"minecraft:mob_kills":23,"minecraft:damage_dealt":3532,"minecraft:swim_one_cm":809,"minecraft:interact_with_crafting_table":7,"minecraft:fly_one_cm":64089,"minecraft:crouch_one_cm":1135,"minecraft:play_time":17481,"minecraft:sneak_time":497,"minecraft:walk_under_water_one_cm":1018,"minecraft:jump":335,"minecraft:walk_on_water_one_cm":488,"minecraft:time_since_death":17481,"minecraft:sleep_in_bed":1,"minecraft:total_world_time":17481,"minecraft:fall_one_cm":7168},"minecraft:crafted":{"minecraft:oak_planks":48,"minecraft:shield":1,"minecraft:iron_axe":1,"minecraft:crafting_table":1,"minecraft:stick":12,"minecraft:iron_ingot":13,"minecraft:wooden_pickaxe":1,"minecraft:stone_pickaxe":1,"minecraft:wooden_axe":1,"minecraft:furnace":2,"minecraft:white_bed":1,"minecraft:bucket":1,"minecraft:stone_axe":1,"minecraft:shears":2,"minecraft:air":0,"minecraft:cooked_mutton":7},"minecraft:used":{"minecraft:cooked_mutton":5,"minecraft:wooden_axe":9,"minecraft:water_bucket":2,"minecraft:iron_axe":88,"minecraft:stone_pickaxe":45,"minecraft:oak_planks":17,"minecraft:shield":6,"minecraft:wooden_pickaxe":14,"minecraft:gravel":16,"minecraft:stone_axe":22,"minecraft:dirt":1,"minecraft:crafting_table":4,"minecraft:furnace":2,"minecraft:bucket":3,"minecraft:white_bed":1},"minecraft:mined":{"minecraft:white_bed":1,"minecraft:furnace":2,"minecraft:iron_ore":13,"minecraft:crafting_table":4,"minecraft:grass":3,"minecraft:grass_block":1,"minecraft:oak_log":72,"minecraft:coal_ore":16,"minecraft:gravel":17,"minecraft:lapis_ore":5,"minecraft:stone":23,"minecraft:oak_leaves":11}},"DataVersion":3465}