{"stats":{"minecraft:used":{"minecraft:oak_trapdoor":5,"minecraft:cooked_mutton":1,"minecraft:water_bucket":7,"minecraft:stone_pickaxe":75,"minecraft:poppy":1,"minecraft:oak_planks":182,"minecraft:chest":4,"minecraft:wooden_pickaxe":19,"minecraft:shield":2,"minecraft:iron_sword":76,"minecraft:bell":2,"minecraft:torch":2,"minecraft:dirt":6,"minecraft:crafting_table":6,"minecraft:white_bed":10,"minecraft:shears":2,"minecraft:oak_log":7,"minecraft:wooden_axe":39,"minecraft:lever":2,"minecraft:bread":2,"minecraft:string":4,"minecraft:barrel":9,"minecraft:stone_axe":162,"minecraft:tripwire_hook":4,"minecraft:cobblestone":3,"minecraft:furnace":4,"minecraft:cooked_porkchop":18,"minecraft:bucket":7,"minecraft:yellow_bed":29,"minecraft:oak_boat":2,"minecraft:iron_leggings":1},"minecraft:broken":{"minecraft:stone_axe":1,"minecraft:wooden_axe":2},"minecraft:crafted":{"minecraft:oak_slab":12,"minecraft:oak_planks":228,"minecraft:barrel":3,"minecraft:emerald":50,"minecraft:tripwire_hook":2,"minecraft:cooked_porkchop":25,"minecraft:crafting_table":4,"minecraft:wooden_pickaxe":1,"minecraft:iron_sword":1,"minecraft:furnace":1,"minecraft:lever":1,"minecraft:bucket":1,"minecraft:stone_axe":1,"minecraft:bread":36,"minecraft:cooked_mutton":19,"minecraft:air":0,"minecraft:oak_trapdoor":2,"minecraft:iron_chestplate":1,"minecraft:shield":1,"minecraft:stick":16,"minecraft:iron_ingot":12,"minecraft:stone_pickaxe":1,"minecraft:wooden_axe":1,"minecraft:chest":1,"minecraft:iron_leggings":1,"minecraft:white_bed":3,"minecraft:torch":12,"minecraft:shears":1},"minecraft:mined":{"minecraft:smithing_table":2,"minecraft:white_bed":7,"minecraft:mossy_cobblestone":30,"minecraft:dandelion":3,"minecraft:brewing_stand":2,"minecraft:crafting_table":2,"minecraft:lever":1,"minecraft:blast_furnace":1,"minecraft:grass_block":9,"minecraft:chest":5,"minecraft:lectern":1,"minecraft:tall_grass":1,"minecraft:spruce_leaves":6,"minecraft:oak_planks":51,"minecraft:sugar_cane":20,"minecraft:composter":3,"minecraft:oak_trapdoor":3,"minecraft:furnace":2,"minecraft:carrots":4,"minecraft:barrel":6,"minecraft:iron_ore":8,"minecraft:andesite":1,"minecraft:potatoes":2,"minecraft:yellow_bed":29,"minecraft:azure_bluet":3,"minecraft:bell":2,"minecraft:grass":27,"minecraft:bookshelf":4,"minecraft:oak_log":64,"minecraft:coal_ore":10,"minecraft:oak_stairs":1,"minecraft:sand":2,"minecraft:dirt":7,"minecraft:tripwire_hook":2,"minecraft:stone":20,"minecraft:oak_leaves":11},"minecraft:killed":{"minecraft:pig":13,"minecraft:spider":4,"minecraft:iron_golem":1,"minecraft:skeleton":3,"minecraft:sheep":11,"minecraft:zombie":11,"minecraft:drowned":1,"minecraft:villager":1},"minecraft:dropped":{"minecraft:bread":36,"minecraft:wheat_seeds":1,"minecraft:wooden_axe":1,"minecraft:spider_eye":1,"minecraft:wooden_pickaxe":1},"minecraft:picked_up":{"minecraft:wooden_axe":2,"minecraft:crafting_table":2,"minecraft:azure_bluet":3,"minecraft:tripwire_hook":2,"minecraft:smithing_table":2,"minecraft:wooden_pickaxe":2,"minecraft:potato":8,"minecraft:oak_stairs":1,"minecraft:filled_map":1,"minecraft:oak_log":64,"minecraft:brewing_stand":3,"minecraft:yellow_bed":30,"minecraft:dirt":7,"minecraft:string":1018,"minecraft:oak_trapdoor":3,"minecraft:bone":1,"minecraft:apple":7,"minecraft:wheat_seeds":7,"minecraft:bell":2,"minecraft:iron_ingot":5,"minecraft:oak_boat":3,"minecraft:poppy":2,"minecraft:lectern":1,"minecraft:sugar_cane":108,"minecraft:chest":5,"minecraft:oak_planks":54,"minecraft:furnace":3,"minecraft:book":12,"minecraft:stick":1,"minecraft:raw_iron":8,"minecraft:cooked_porkchop":6,"minecraft:composter":3,"minecraft:torch":2,"minecraft:dandelion":5,"minecraft:porkchop":39,"minecraft:sand":1,"minecraft:blast_furnace":1,"minecraft:white_bed":7,"minecraft:carrot":12,"minecraft:barrel":6,"minecraft:spider_eye":1,"minecraft:arrow":2,"minecraft:rotten_flesh":10,"minecraft:stone_axe":1,"minecraft:lever":1,"minecraft:bread":6,"minecraft:emerald":1,"minecraft:oak_sapling":2,"minecraft:mutton":37,"minecraft:coal":16,"minecraft:white_wool":20,"minecraft:cobblestone":28},"minecraft:custom":{"minecraft:interact_with_furnace":26,"minecraft:mob_kills":45,"minecraft:traded_with_villager":56,"minecraft:interact_with_crafting_table":17,"minecraft:bell_ring":2,"minecraft:leave_game":1,"minecraft:time_since_death":100472,"minecraft:sleep_in_bed":3,"minecraft:climb_one_cm":895,"minecraft:time_since_rest":67324,"minecraft:sprint_one_cm":450611,"minecraft:damage_taken":1456,"minecraft:walk_one_cm":142815,"minecraft:damage_blocked_by_shield":120,"minecraft:drop":40,"minecraft:damage_dealt":7185,"minecraft:swim_one_cm":26294,"minecraft:fly_one_cm":563146,"minecraft:talked_to_villager":35,"minecraft:open_chest":22,"minecraft:play_time":100472,"minecraft:crouch_one_cm":5993,"minecraft:sneak_time":2164,"minecraft:walk_under_water_one_cm":4933,"minecraft:boat_one_cm":270461,"minecraft:jump":2350,"minecraft:interact_with_brewingstand":1,"minecraft:walk_on_water_one_cm":13848,"minecraft:total_world_time":100472,"minecraft:fall_one_cm":59929}},"DataVersion":3465}