{"stats":{"minecraft:used":{"minecraft:oak_trapdoor":5,"minecraft:poppy":1,"minecraft:chest":4,"minecraft:shield":2,"minecraft:iron_sword":78,"minecraft:bell":2,"minecraft:torch":2,"minecraft:dirt":6,"minecraft:wooden_axe":39,"minecraft:barrel":9,"minecraft:tripwire_hook":4,"minecraft:furnace":4,"minecraft:iron_leggings":1,"minecraft:cooked_mutton":1,"minecraft:water_bucket":7,"minecraft:stone_pickaxe":75,"minecraft:oak_planks":270,"minecraft:wooden_pickaxe":19,"minecraft:crafting_table":6,"minecraft:white_bed":16,"minecraft:shears":3,"minecraft:oak_log":7,"minecraft:lever":2,"minecraft:bread":2,"minecraft:string":6,"minecraft:stone_axe":212,"minecraft:cobblestone":3,"minecraft:cooked_porkchop":18,"minecraft:bucket":7,"minecraft:yellow_bed":29,"minecraft:oak_boat":2,"minecraft:dandelion":3},"minecraft:broken":{"minecraft:stone_axe":1,"minecraft:wooden_axe":2},"minecraft:mined":{"minecraft:white_bed":7,"minecraft:mossy_cobblestone":30,"minecraft:brewing_stand":2,"minecraft:lever":1,"minecraft:grass_block":9,"minecraft:spruce_leaves":6,"minecraft:composter":3,"minecraft:oak_trapdoor":3,"minecraft:furnace":2,"minecraft:carrots":4,"minecraft:iron_ore":8,"minecraft:barrel":6,"minecraft:andesite":1,"minecraft:azure_bluet":14,"minecraft:bell":2,"minecraft:bookshelf":4,"minecraft:potatoes":2,"minecraft:oak_stairs":1,"minecraft:stone":20,"minecraft:smithing_table":2,"minecraft:dandelion":7,"minecraft:crafting_table":2,"minecraft:blast_furnace":1,"minecraft:chest":5,"minecraft:lectern":1,"minecraft:tall_grass":1,"minecraft:sugar_cane":20,"minecraft:oak_planks":72,"minecraft:yellow_bed":29,"minecraft:grass":45,"minecraft:coal_ore":10,"minecraft:oak_log":90,"minecraft:dirt":7,"minecraft:sand":2,"minecraft:tripwire_hook":2,"minecraft:oak_leaves":12},"minecraft:crafted":{"minecraft:oak_planks":332,"minecraft:barrel":5,"minecraft:tripwire_hook":2,"minecraft:furnace":1,"minecraft:lever":1,"minecraft:bookshelf":1,"minecraft:cooked_mutton":19,"minecraft:oak_trapdoor":2,"minecraft:stone_pickaxe":1,"minecraft:chest":1,"minecraft:oak_slab":18,"minecraft:emerald":134,"minecraft:cooked_porkchop":25,"minecraft:crafting_table":4,"minecraft:wooden_pickaxe":1,"minecraft:iron_sword":1,"minecraft:bucket":1,"minecraft:stone_axe":1,"minecraft:bread":84,"minecraft:air":0,"minecraft:lectern":1,"minecraft:white_wool":16,"minecraft:iron_chestplate":1,"minecraft:shield":1,"minecraft:stick":16,"minecraft:iron_ingot":12,"minecraft:wooden_axe":1,"minecraft:iron_leggings":1,"minecraft:white_bed":9,"minecraft:torch":12,"minecraft:shears":1},"minecraft:killed":{"minecraft:spider":4,"minecraft:skeleton":3,"minecraft:drowned":1,"minecraft:wolf":1,"minecraft:pig":13,"minecraft:iron_golem":1,"minecraft:sheep":11,"minecraft:zombie":11,"minecraft:villager":1},"minecraft:dropped":{"minecraft:bread":97,"minecraft:wheat_seeds":1,"minecraft:wooden_axe":1,"minecraft:spider_eye":1,"minecraft:wooden_pickaxe":1},"minecraft:picked_up":{"minecraft:wooden_axe":2,"minecraft:crafting_table":2,"minecraft:azure_bluet":14,"minecraft:smithing_table":2,"minecraft:wooden_pickaxe":2,"minecraft:oak_stairs":1,"minecraft:brewing_stand":3,"minecraft:oak_trapdoor":3,"minecraft:string":2731,"minecraft:oak_boat":3,"minecraft:poppy":2,"minecraft:lectern":1,"minecraft:sugar_cane":108,"minecraft:chest":5,"minecraft:furnace":3,"minecraft:raw_iron":8,"minecraft:stick":7,"minecraft:composter":3,"minecraft:torch":2,"minecraft:porkchop":39,"minecraft:carrot":12,"minecraft:arrow":2,"minecraft:rotten_flesh":10,"minecraft:mutton":38,"minecraft:white_wool":32,"minecraft:cobblestone":28,"minecraft:tripwire_hook":2,"minecraft:potato":8,"minecraft:filled_map":1,"minecraft:oak_log":90,"minecraft:yellow_bed":30,"minecraft:dirt":7,"minecraft:bone":1,"minecraft:apple":9,"minecraft:wheat_seeds":7,"minecraft:bell":2,"minecraft:iron_ingot":5,"minecraft:oak_planks":75,"minecraft:book":12,"minecraft:cooked_porkchop":6,"minecraft:dandelion":8,"minecraft:sand":1,"minecraft:blast_furnace":1,"minecraft:white_bed":7,"minecraft:spider_eye":1,"minecraft:barrel":6,"minecraft:stone_axe":1,"minecraft:lever":1,"minecraft:emerald":1,"minecraft:bread":6,"minecraft:oak_sapling":10,"minecraft:coal":16},"minecraft:custom":{"minecraft:mob_kills":46,"minecraft:interact_with_crafting_table":20,"minecraft:bell_ring":2,"minecraft:leave_game":1,"minecraft:time_since_death":112472,"minecraft:climb_one_cm":895,"minecraft:sprint_one_cm":511968,"minecraft:walk_one_cm":162766,"minecraft:damage_blocked_by_shield":120,"minecraft:drop":101,"minecraft:talked_to_villager":54,"minecraft:play_time":112472,"minecraft:sneak_time":2799,"minecraft:walk_under_water_one_cm":4933,"minecraft:boat_one_cm":270461,"minecraft:jump":2662,"minecraft:interact_with_brewingstand":1,"minecraft:walk_on_water_one_cm":15809,"minecraft:total_world_time":112472,"minecraft:interact_with_furnace":26,"minecraft:traded_with_villager":148,"minecraft:sleep_in_bed":4,"minecraft:time_since_rest":10770,"minecraft:damage_taken":1476,"minecraft:damage_dealt":7265,"minecraft:swim_one_cm":26294,"minecraft:fly_one_cm":645985,"minecraft:open_chest":24,"minecraft:crouch_one_cm":8720,"minecraft:fall_one_cm":70328}},"DataVersion":3465}