{"stats":{"minecraft:picked_up":{"minecraft:crafting_table":4,"minecraft:leather":4,"minecraft:oak_stairs":3,"minecraft:flint":1,"minecraft:oak_log":89,"minecraft:brewing_stand":1,"minecraft:yellow_bed":4,"minecraft:gunpowder":3,"minecraft:map":3,"minecraft:lapis_lazuli":36,"minecraft:string":3,"minecraft:dirt":37,"minecraft:paper":11,"minecraft:bone":2,"minecraft:apple":5,"minecraft:bow":1,"minecraft:wheat_seeds":5,"minecraft:cartography_table":1,"minecraft:beef":11,"minecraft:poppy":1,"minecraft:lectern":1,"minecraft:chest":3,"minecraft:egg":1,"minecraft:furnace":2,"minecraft:book":12,"minecraft:raw_iron":13,"minecraft:stick":3,"minecraft:oak_door":1,"minecraft:composter":3,"minecraft:dandelion":5,"minecraft:gravel":16,"minecraft:porkchop":9,"minecraft:white_bed":7,"minecraft:barrel":2,"minecraft:spider_eye":1,"minecraft:arrow":4,"minecraft:rotten_flesh":2,"minecraft:bread":1,"minecraft:oak_sapling":2,"minecraft:cod":6,"minecraft:mutton":7,"minecraft:coal":28,"minecraft:white_wool":8,"minecraft:cobblestone":23},"minecraft:killed":{"minecraft:pig":3,"minecraft:spider":6,"minecraft:creeper":3,"minecraft:skeleton":2,"minecraft:zombie":5,"minecraft:cow":4},"minecraft:custom":{"minecraft:interact_with_furnace":20,"minecraft:mob_kills":23,"minecraft:interact_with_crafting_table":12,"minecraft:open_barrel":1,"minecraft:time_since_death":29481,"minecraft:sleep_in_bed":2,"minecraft:time_since_rest":1356,"minecraft:sprint_one_cm":134585,"minecraft:damage_taken":330,"minecraft:walk_one_cm":66958,"minecraft:damage_blocked_by_shield":285,"minecraft:damage_dealt":3532,"minecraft:talked_to_villager":5,"minecraft:fly_one_cm":140176,"minecraft:swim_one_cm":8174,"minecraft:open_chest":6,"minecraft:crouch_one_cm":2534,"minecraft:play_time":29481,"minecraft:sneak_time":775,"minecraft:walk_under_water_one_cm":1385,"minecraft:jump":583,"minecraft:walk_on_water_one_cm":1618,"minecraft:total_world_time":29481,"minecraft:fall_one_cm":12329},"minecraft:crafted":{"minecraft:oak_slab":18,"minecraft:oak_planks":356,"minecraft:barrel":5,"minecraft:tripwire_hook":2,"minecraft:crafting_table":1,"minecraft:wooden_pickaxe":1,"minecraft:furnace":2,"minecraft:lever":1,"minecraft:bucket":1,"minecraft:stone_axe":1,"minecraft:cooked_mutton":7,"minecraft:air":0,"minecraft:oak_trapdoor":2,"minecraft:shield":1,"minecraft:iron_axe":1,"minecraft:stick":12,"minecraft:iron_ingot":13,"minecraft:stone_pickaxe":1,"minecraft:wooden_axe":1,"minecraft:chest":2,"minecraft:iron_shovel":1,"minecraft:white_bed":1,"minecraft:shears":2},"minecraft:used":{"minecraft:cooked_mutton":7,"minecraft:water_bucket":2,"minecraft:iron_shovel":57,"minecraft:stone_pickaxe":46,"minecraft:oak_planks":241,"minecraft:chest":2,"minecraft:wooden_pickaxe":14,"minecraft:shield":6,"minecraft:dirt":1,"minecraft:crafting_table":5,"minecraft:white_bed":4,"minecraft:wooden_axe":9,"minecraft:oak_stairs":3,"minecraft:iron_axe":134,"minecraft:gravel":16,"minecraft:stone_axe":22,"minecraft:furnace":4,"minecraft:bucket":3},"minecraft:mined":{"minecraft:white_bed":7,"minecraft:oak_door":1,"minecraft:dandelion":7,"minecraft:brewing_stand":1,"minecraft:crafting_table":4,"minecraft:grass_block":49,"minecraft:poppy":1,"minecraft:chest":3,"minecraft:lectern":1,"minecraft:lapis_ore":5,"minecraft:composter":3,"minecraft:cartography_table":1,"minecraft:furnace":2,"minecraft:iron_ore":13,"minecraft:barrel":2,"minecraft:azure_bluet":2,"minecraft:yellow_bed":4,"minecraft:grass":44,"minecraft:bookshelf":4,"minecraft:coal_ore":16,"minecraft:oak_log":89,"minecraft:oak_stairs":3,"minecraft:gravel":17,"minecraft:stone":23,"minecraft:oak_leaves":11}},"DataVersion":3465}