{"stats":{"minecraft:picked_up":{"minecraft:crafting_table":6,"minecraft:azure_bluet":2,"minecraft:ladder":3,"minecraft:anvil":2,"minecraft:oak_stairs":3,"minecraft:brewing_stand":1,"minecraft:shield":1,"minecraft:oak_trapdoor":2,"minecraft:string":17761,"minecraft:iron_axe":1,"minecraft:iron_shovel":1,"minecraft:cartography_table":2,"minecraft:cobbled_deepslate":64,"minecraft:bucket":1,"minecraft:beef":11,"minecraft:poppy":4,"minecraft:lectern":341,"minecraft:chest":6,"minecraft:egg":4,"minecraft:furnace":7,"minecraft:stick":22,"minecraft:raw_iron":112,"minecraft:oak_door":1,"minecraft:composter":7,"minecraft:torch":4,"minecraft:porkchop":9,"minecraft:redstone":15,"minecraft:arrow":4,"minecraft:rotten_flesh":2,"minecraft:shears":1,"minecraft:hay_block":45,"minecraft:mutton":7,"minecraft:cod":6,"minecraft:cobblestone":84,"minecraft:white_wool":29,"minecraft:birch_log":18,"minecraft:leather":4,"minecraft:flint":1,"minecraft:tuff":20,"minecraft:oak_log":298,"minecraft:yellow_bed":6,"minecraft:gunpowder":3,"minecraft:map":3,"minecraft:lapis_lazuli":44,"minecraft:dirt":205,"minecraft:paper":11,"minecraft:bone":2,"minecraft:apple":13,"minecraft:bow":1,"minecraft:wheat_seeds":10,"minecraft:iron_ingot":15,"minecraft:oak_planks":42,"minecraft:book":36,"minecraft:oak_slab":8,"minecraft:dandelion":8,"minecraft:gravel":16,"minecraft:ink_sac":1,"minecraft:white_bed":33,"minecraft:barrel":18,"minecraft:spider_eye":1,"minecraft:diamond":61,"minecraft:bread":3,"minecraft:oak_sapling":41,"minecraft:coal":101},"minecraft:broken":{"minecraft:iron_axe":2,"minecraft:stone_axe":1},"minecraft:killed":{"minecraft:spider":6,"minecraft:skeleton":2,"minecraft:pig":3,"minecraft:iron_golem":3,"minecraft:creeper":3,"minecraft:zombie":5,"minecraft:cow":4},"minecraft:custom":{"minecraft:interact_with_anvil":4,"minecraft:mob_kills":26,"minecraft:interact_with_crafting_table":34,"minecraft:open_barrel":5,"minecraft:leave_game":1,"minecraft:time_since_death":199135,"minecraft:climb_one_cm":11538,"minecraft:sprint_one_cm":684709,"minecraft:walk_one_cm":395222,"minecraft:damage_blocked_by_shield":285,"minecraft:drop":189,"minecraft:talked_to_villager":634,"minecraft:play_time":238291,"minecraft:deaths":1,"minecraft:sneak_time":4091,"minecraft:walk_under_water_one_cm":3397,"minecraft:jump":4644,"minecraft:walk_on_water_one_cm":30245,"minecraft:total_world_time":238291,"minecraft:interact_with_furnace":71,"minecraft:traded_with_villager":914,"minecraft:sleep_in_bed":16,"minecraft:time_since_rest":30061,"minecraft:damage_taken":868,"minecraft:damage_dealt":6363,"minecraft:swim_one_cm":9807,"minecraft:fly_one_cm":811488,"minecraft:open_chest":74,"minecraft:crouch_one_cm":7246,"minecraft:fall_one_cm":72363},"minecraft:crafted":{"minecraft:oak_planks":1164,"minecraft:barrel":5,"minecraft:tripwire_hook":2,"minecraft:birch_slab":18,"minecraft:furnace":7,"minecraft:lever":1,"minecraft:bookshelf":17,"minecraft:cooked_mutton":7,"minecraft:oak_trapdoor":4,"minecraft:diamond_helmet":1,"minecraft:diamond_leggings":1,"minecraft:iron_axe":3,"minecraft:ladder":12,"minecraft:iron_hoe":1,"minecraft:stone_pickaxe":1,"minecraft:chest":2,"minecraft:diamond_boots":1,"minecraft:wheat":306,"minecraft:cooked_beef":11,"minecraft:oak_slab":54,"minecraft:diamond_sword":1,"minecraft:emerald":862,"minecraft:cooked_porkchop":9,"minecraft:crafting_table":3,"minecraft:wooden_pickaxe":1,"minecraft:bucket":1,"minecraft:birch_planks":72,"minecraft:stone_axe":1,"minecraft:enchanted_book":17,"minecraft:bread":222,"minecraft:air":0,"minecraft:lectern":13,"minecraft:white_wool":148,"minecraft:diamond_pickaxe":1,"minecraft:shield":1,"minecraft:stick":64,"minecraft:iron_ingot":112,"minecraft:iron_pickaxe":1,"minecraft:wooden_axe":1,"minecraft:iron_block":3,"minecraft:iron_shovel":1,"minecraft:anvil":1,"minecraft:white_bed":52,"minecraft:torch":16,"minecraft:shears":2,"minecraft:diamond_chestplate":1},"minecraft:used":{"minecraft:oak_trapdoor":6,"minecraft:iron_shovel":206,"minecraft:ladder":9,"minecraft:chest":4,"minecraft:shield":6,"minecraft:torch":20,"minecraft:dirt":42,"minecraft:anvil":2,"minecraft:iron_hoe":46,"minecraft:wooden_axe":9,"minecraft:bookshelf":4,"minecraft:iron_axe":695,"minecraft:oak_stairs":3,"minecraft:barrel":16,"minecraft:tripwire_hook":2,"minecraft:furnace":9,"minecraft:oak_sapling":5,"minecraft:egg":1,"minecraft:cobbled_deepslate":1,"minecraft:cooked_mutton":7,"minecraft:water_bucket":12,"minecraft:stone_pickaxe":46,"minecraft:oak_planks":732,"minecraft:wooden_pickaxe":14,"minecraft:composter":2,"minecraft:crafting_table":8,"minecraft:white_bed":80,"minecraft:shears":2,"minecraft:oak_log":7,"minecraft:lever":1,"minecraft:diamond_pickaxe":168,"minecraft:bread":4,"minecraft:string":5,"minecraft:iron_pickaxe":162,"minecraft:lectern":353,"minecraft:gravel":16,"minecraft:stone_axe":110,"minecraft:cobblestone":17,"minecraft:bucket":13,"minecraft:yellow_bed":6},"minecraft:mined":{"minecraft:diamond_ore":1,"minecraft:tuff":20,"minecraft:white_bed":28,"minecraft:deepslate_diamond_ore":30,"minecraft:oak_door":1,"minecraft:brewing_stand":1,"minecraft:ladder":2,"minecraft:grass_block":190,"minecraft:composter":4,"minecraft:cartography_table":1,"minecraft:hay_block":45,"minecraft:redstone_ore":3,"minecraft:oak_trapdoor":2,"minecraft:furnace":7,"minecraft:iron_ore":95,"minecraft:barrel":11,"minecraft:anvil":2,"minecraft:azure_bluet":2,"minecraft:bookshelf":8,"minecraft:deepslate_iron_ore":10,"minecraft:oak_stairs":3,"minecraft:stone":84,"minecraft:tripwire":1,"minecraft:dandelion":7,"minecraft:crafting_table":6,"minecraft:torch":1,"minecraft:poppy":1,"minecraft:chest":3,"minecraft:lectern":340,"minecraft:lapis_ore":7,"minecraft:oak_planks":16,"minecraft:wall_torch":3,"minecraft:birch_log":18,"minecraft:yellow_bed":6,"minecraft:grass":60,"minecraft:oak_log":298,"minecraft:coal_ore":63,"minecraft:gravel":17,"minecraft:dirt":15,"minecraft:gold_ore":1,"minecraft:oak_leaves":56,"minecraft:deepslate":65},"minecraft:killed_by":{"minecraft:iron_golem":1},"minecraft:dropped":{"minecraft:bread":185,"minecraft:dirt":18,"minecraft:string":65,"minecraft:azure_bluet":1}},"DataVersion":3465}